{"mean":{"confidence_interval":{"confidence_level":0.95,"lower_bound":1.5540912097673387,"upper_bound":1.5571957356340178},"point_estimate":1.5554360842043813,"standard_error":0.0007996441685110463},"median":{"confidence_interval":{"confidence_level":0.95,"lower_bound":1.553318565875609,"upper_bound":1.5538630624038412},"point_estimate":1.5535699560827394,"standard_error":0.00012524298454711798},"median_abs_dev":{"confidence_interval":{"confidence_level":0.95,"lower_bound":0.0009312208314328721,"upper_bound":0.001613828410373016},"point_estimate":0.0012681862477302566,"standard_error":0.00017130627342831547},"slope":{"confidence_interval":{"confidence_level":0.95,"lower_bound":1.5539164207462246,"upper_bound":1.556441644428201},"point_estimate":1.5549963695123155,"standard_error":0.0006583009218535872},"std_dev":{"confidence_interval":{"confidence_level":0.95,"lower_bound":0.0028364818049266163,"upper_bound":0.011967747856457218},"point_estimate":0.008065167908586498,"standard_error":0.0023647408123990766}}