{"mean":{"confidence_interval":{"confidence_level":0.95,"lower_bound":6183955.066277776,"upper_bound":6191681.162916668},"point_estimate":6187761.389999998,"standard_error":1966.13122406845},"median":{"confidence_interval":{"confidence_level":0.95,"lower_bound":6181491.0,"upper_bound":6190674.888888889},"point_estimate":6186297.777777778,"standard_error":2052.535796785409},"median_abs_dev":{"confidence_interval":{"confidence_level":0.95,"lower_bound":15365.419027209513,"upper_bound":24970.243217521976},"point_estimate":20943.207228183055,"standard_error":2435.2905586144752},"slope":null,"std_dev":{"confidence_interval":{"confidence_level":0.95,"lower_bound":16656.352785670075,"upper_bound":22439.965988372238},"point_estimate":19671.887285663444,"standard_error":1477.042211256809}}