{"mean":{"confidence_interval":{"confidence_level":0.95,"lower_bound":13.988444076650568,"upper_bound":14.031717321926317},"point_estimate":14.004454335737995,"standard_error":0.0120232158571671},"median":{"confidence_interval":{"confidence_level":0.95,"lower_bound":13.978034099822208,"upper_bound":13.988151790557584},"point_estimate":13.9833882257068,"standard_error":0.0026647236196494176},"median_abs_dev":{"confidence_interval":{"confidence_level":0.95,"lower_bound":0.008841795339244297,"upper_bound":0.020450634253396955},"point_estimate":0.014522761946957126,"standard_error":0.00291801011864495},"slope":{"confidence_interval":{"confidence_level":0.95,"lower_bound":13.988875459542385,"upper_bound":14.008012654632308},"point_estimate":13.997612137681553,"standard_error":0.004922668925894349},"std_dev":{"confidence_interval":{"confidence_level":0.95,"lower_bound":0.02288714852703091,"upper_bound":0.2022900752668685},"point_estimate":0.12028610081292097,"standard_error":0.061304008537229344}}