{"mean":{"confidence_interval":{"confidence_level":0.95,"lower_bound":0.93639285606298,"upper_bound":0.9400294663795151},"point_estimate":0.9378936123518635,"standard_error":0.0009478047589944872},"median":{"confidence_interval":{"confidence_level":0.95,"lower_bound":0.9359502420616155,"upper_bound":0.9363154964535123},"point_estimate":0.9361463804533323,"standard_error":0.0000837287069603013},"median_abs_dev":{"confidence_interval":{"confidence_level":0.95,"lower_bound":0.0005195282360948215,"upper_bound":0.0009766543948345162},"point_estimate":0.0006765343275184537,"standard_error":0.00011455369995149501},"slope":{"confidence_interval":{"confidence_level":0.95,"lower_bound":0.9363049154103735,"upper_bound":0.9411837444104137},"point_estimate":0.9383289937188415,"standard_error":0.0012989593461499767},"std_dev":{"confidence_interval":{"confidence_level":0.95,"lower_bound":0.001982906839601576,"upper_bound":0.015256264157462677},"point_estimate":0.009506672192410212,"standard_error":0.003606258527565984}}