{"mean":{"confidence_interval":{"confidence_level":0.95,"lower_bound":5.9000950835389885,"upper_bound":5.904817944261404},"point_estimate":5.901929096067781,"standard_error":0.0012654111134223452},"median":{"confidence_interval":{"confidence_level":0.95,"lower_bound":5.899008286261111,"upper_bound":5.900189471089863},"point_estimate":5.899682799834427,"standard_error":0.00031812954005783873},"median_abs_dev":{"confidence_interval":{"confidence_level":0.95,"lower_bound":0.001709312318272895,"upper_bound":0.002891167680978802},"point_estimate":0.002247230963416124,"standard_error":0.0003136012958471563},"slope":{"confidence_interval":{"confidence_level":0.95,"lower_bound":5.899971425576897,"upper_bound":5.901656407155283},"point_estimate":5.900723046154373,"standard_error":0.00043147362255139345},"std_dev":{"confidence_interval":{"confidence_level":0.95,"lower_bound":0.0032091535085803976,"upper_bound":0.021035415363827838},"point_estimate":0.012739046208284087,"standard_error":0.005785791440675929}}