{"mean":{"confidence_interval":{"confidence_level":0.95,"lower_bound":79.33952784857006,"upper_bound":79.48396489873409},"point_estimate":79.39674889493647,"standard_error":0.038092634673471924},"median":{"confidence_interval":{"confidence_level":0.95,"lower_bound":79.28403166085667,"upper_bound":79.35674872778623},"point_estimate":79.31513113732765,"standard_error":0.017255903963154292},"median_abs_dev":{"confidence_interval":{"confidence_level":0.95,"lower_bound":0.06901255250288403,"upper_bound":0.13944198649844258},"point_estimate":0.09819758871232147,"standard_error":0.016972818259334038},"slope":{"confidence_interval":{"confidence_level":0.95,"lower_bound":79.31619686920713,"upper_bound":79.37752770552146},"point_estimate":79.3441890655065,"standard_error":0.01573721238957345},"std_dev":{"confidence_interval":{"confidence_level":0.95,"lower_bound":0.12492267509589798,"upper_bound":0.6244853441334335},"point_estimate":0.3829795176443967,"standard_error":0.16476332918624925}}