{"mean":{"confidence_interval":{"confidence_level":0.95,"lower_bound":1.5547255362064634,"upper_bound":1.5603614365328375},"point_estimate":1.5570472108081213,"standard_error":0.0014703449601251614},"median":{"confidence_interval":{"confidence_level":0.95,"lower_bound":1.5533072604974612,"upper_bound":1.55420134072478},"point_estimate":1.5538751209066248,"standard_error":0.00022752869374875227},"median_abs_dev":{"confidence_interval":{"confidence_level":0.95,"lower_bound":0.0009157695123679786,"upper_bound":0.0017970427782848016},"point_estimate":0.0013537945438057068,"standard_error":0.00023057324365133362},"slope":{"confidence_interval":{"confidence_level":0.95,"lower_bound":1.5542462754350572,"upper_bound":1.5606340099392435},"point_estimate":1.5567723790367578,"standard_error":0.001698992360093421},"std_dev":{"confidence_interval":{"confidence_level":0.95,"lower_bound":0.004118349629206793,"upper_bound":0.0235157121073976},"point_estimate":0.01470930624061772,"standard_error":0.005515561976612282}}