{"mean":{"confidence_interval":{"confidence_level":0.95,"lower_bound":0.6214562280499417,"upper_bound":0.622831610059434},"point_estimate":0.6219997654234063,"standard_error":0.00036361668187981605},"median":{"confidence_interval":{"confidence_level":0.95,"lower_bound":0.6212862795670218,"upper_bound":0.621463179768551},"point_estimate":0.6214158004122619,"standard_error":0.000053160036082409995},"median_abs_dev":{"confidence_interval":{"confidence_level":0.95,"lower_bound":0.0003242725986683178,"upper_bound":0.0005525704884605785},"point_estimate":0.00047110415103683155,"standard_error":0.00005829022124994004},"slope":{"confidence_interval":{"confidence_level":0.95,"lower_bound":0.6215435242912171,"upper_bound":0.6246867254592767},"point_estimate":0.622671644137196,"standard_error":0.0008867301523327638},"std_dev":{"confidence_interval":{"confidence_level":0.95,"lower_bound":0.0005784375255281284,"upper_bound":0.005980958697013534},"point_estimate":0.0036469490505323435,"standard_error":0.0015634590043735739}}