{"mean":{"confidence_interval":{"confidence_level":0.95,"lower_bound":118.70620481124803,"upper_bound":118.97444511273876},"point_estimate":118.807812466013,"standard_error":0.07226000444844306},"median":{"confidence_interval":{"confidence_level":0.95,"lower_bound":118.64877503993667,"upper_bound":118.73825768899361},"point_estimate":118.68445832744015,"standard_error":0.024331196615719874},"median_abs_dev":{"confidence_interval":{"confidence_level":0.95,"lower_bound":0.10656628210045162,"upper_bound":0.1757922369899531},"point_estimate":0.1328941901424529,"standard_error":0.016708974679235364},"slope":{"confidence_interval":{"confidence_level":0.95,"lower_bound":118.71248436016036,"upper_bound":118.83570924994778},"point_estimate":118.76460113255135,"standard_error":0.03202104601336276},"std_dev":{"confidence_interval":{"confidence_level":0.95,"lower_bound":0.1517977474457777,"upper_bound":1.2124167402529722},"point_estimate":0.7274797927413234,"standard_error":0.3464930180361125}}