{"mean":{"confidence_interval":{"confidence_level":0.95,"lower_bound":89.86699897412733,"upper_bound":90.81956865559079},"point_estimate":90.26043994759505,"standard_error":0.249887640645457},"median":{"confidence_interval":{"confidence_level":0.95,"lower_bound":89.67261190628133,"upper_bound":89.9538335308597},"point_estimate":89.78888730127562,"standard_error":0.06943883203356357},"median_abs_dev":{"confidence_interval":{"confidence_level":0.95,"lower_bound":0.2434440307781999,"upper_bound":0.46286583795502656},"point_estimate":0.3441195940867785,"standard_error":0.05130805441044754},"slope":{"confidence_interval":{"confidence_level":0.95,"lower_bound":89.69902556797305,"upper_bound":89.95433140496547},"point_estimate":89.81225459451716,"standard_error":0.0658242424584275},"std_dev":{"confidence_interval":{"confidence_level":0.95,"lower_bound":0.3940848653697251,"upper_bound":3.9498348006462316},"point_estimate":2.504155081774539,"standard_error":0.9495356827634942}}