{"mean":{"confidence_interval":{"confidence_level":0.95,"lower_bound":834.4503127361969,"upper_bound":838.8672959499678},"point_estimate":836.2068728597986,"standard_error":1.160261425319118},"median":{"confidence_interval":{"confidence_level":0.95,"lower_bound":833.5643591882124,"upper_bound":834.2993499874234},"point_estimate":833.8743173907417,"standard_error":0.17427857964275864},"median_abs_dev":{"confidence_interval":{"confidence_level":0.95,"lower_bound":1.0585769827618012,"upper_bound":1.818533171141658},"point_estimate":1.45019351216709,"standard_error":0.19984119684637744},"slope":{"confidence_interval":{"confidence_level":0.95,"lower_bound":834.2052629826001,"upper_bound":836.1154274959248},"point_estimate":835.0403726690621,"standard_error":0.4916972244731049},"std_dev":{"confidence_interval":{"confidence_level":0.95,"lower_bound":3.3257419612137022,"upper_bound":18.94671467608396},"point_estimate":11.650011605080953,"standard_error":4.849757539819193}}