{"mean":{"confidence_interval":{"confidence_level":0.95,"lower_bound":18.932128405228102,"upper_bound":18.961844004777188},"point_estimate":18.943752211677335,"standard_error":0.007924828176118209},"median":{"confidence_interval":{"confidence_level":0.95,"lower_bound":18.92583917738674,"upper_bound":18.937422735931023},"point_estimate":18.928555239365462,"standard_error":0.0032467710862119693},"median_abs_dev":{"confidence_interval":{"confidence_level":0.95,"lower_bound":0.018189056510947335,"upper_bound":0.028373902643482312},"point_estimate":0.023995209469127542,"standard_error":0.0025193462335468446},"slope":{"confidence_interval":{"confidence_level":0.95,"lower_bound":18.931510686241868,"upper_bound":18.945340026696375},"point_estimate":18.937649971301532,"standard_error":0.0035534179446244383},"std_dev":{"confidence_interval":{"confidence_level":0.95,"lower_bound":0.02321464887288899,"upper_bound":0.13110532945676662},"point_estimate":0.07965056905985335,"standard_error":0.035850650124787935}}