{"mean":{"confidence_interval":{"confidence_level":0.95,"lower_bound":18.921623419131585,"upper_bound":18.97760398701606},"point_estimate":18.944287299954645,"standard_error":0.014655938124017087},"median":{"confidence_interval":{"confidence_level":0.95,"lower_bound":18.916355356061004,"upper_bound":18.924389156411628},"point_estimate":18.92085693411348,"standard_error":0.0017724714475209436},"median_abs_dev":{"confidence_interval":{"confidence_level":0.95,"lower_bound":0.01251827474581036,"upper_bound":0.023024037843200236},"point_estimate":0.01818845388206132,"standard_error":0.002611498141589383},"slope":{"confidence_interval":{"confidence_level":0.95,"lower_bound":18.919894917202104,"upper_bound":18.932470185075083},"point_estimate":18.92573675244432,"standard_error":0.0032093461502435343},"std_dev":{"confidence_interval":{"confidence_level":0.95,"lower_bound":0.028071349334098578,"upper_bound":0.23812652352990113},"point_estimate":0.14738716544343117,"standard_error":0.05878944822820104}}