{"mean":{"confidence_interval":{"confidence_level":0.95,"lower_bound":18.691693465695607,"upper_bound":18.750727493819852},"point_estimate":18.71792056288594,"standard_error":0.01517465364480651},"median":{"confidence_interval":{"confidence_level":0.95,"lower_bound":18.676386203089884,"upper_bound":18.701345465565954},"point_estimate":18.690324305344237,"standard_error":0.004691333244747257},"median_abs_dev":{"confidence_interval":{"confidence_level":0.95,"lower_bound":0.03916088887797432,"upper_bound":0.06456983607359261},"point_estimate":0.05406977804775453,"standard_error":0.0066487133321294686},"slope":{"confidence_interval":{"confidence_level":0.95,"lower_bound":18.698723102050877,"upper_bound":18.816608075182696},"point_estimate":18.748625334975188,"standard_error":0.03059971561969216},"std_dev":{"confidence_interval":{"confidence_level":0.95,"lower_bound":0.07175927425768255,"upper_bound":0.22312356760301325},"point_estimate":0.15201824688635923,"standard_error":0.03967519387618887}}