{"mean":{"confidence_interval":{"confidence_level":0.95,"lower_bound":5.903861093164619,"upper_bound":5.921584994549634},"point_estimate":5.910998120117675,"standard_error":0.00467890896086275},"median":{"confidence_interval":{"confidence_level":0.95,"lower_bound":5.900827145692283,"upper_bound":5.902330632652705},"point_estimate":5.901353982184474,"standard_error":0.00035614382771975613},"median_abs_dev":{"confidence_interval":{"confidence_level":0.95,"lower_bound":0.0016695834272773928,"upper_bound":0.0033140552973054908},"point_estimate":0.0024084053387909074,"standard_error":0.0004244900800184557},"slope":{"confidence_interval":{"confidence_level":0.95,"lower_bound":5.902396345795153,"upper_bound":5.910957400391059},"point_estimate":5.905911195657778,"standard_error":0.0022433421981279188},"std_dev":{"confidence_interval":{"confidence_level":0.95,"lower_bound":0.009144376278267188,"upper_bound":0.07663354343114855},"point_estimate":0.04709872211406024,"standard_error":0.019514807520523078}}