{"mean":{"confidence_interval":{"confidence_level":0.95,"lower_bound":29.571661874007248,"upper_bound":29.715481723955744},"point_estimate":29.629519441057692,"standard_error":0.03778220811894794},"median":{"confidence_interval":{"confidence_level":0.95,"lower_bound":29.542308789236163,"upper_bound":29.593136566248056},"point_estimate":29.56461533571207,"standard_error":0.012767569873134762},"median_abs_dev":{"confidence_interval":{"confidence_level":0.95,"lower_bound":0.06105925869413907,"upper_bound":0.09901765117180589},"point_estimate":0.07870698937704008,"standard_error":0.00976120008973961},"slope":{"confidence_interval":{"confidence_level":0.95,"lower_bound":29.565092874489103,"upper_bound":29.623417262058698},"point_estimate":29.591010914068796,"standard_error":0.014981165989596543},"std_dev":{"confidence_interval":{"confidence_level":0.95,"lower_bound":0.09182889626871699,"upper_bound":0.6164185028949015},"point_estimate":0.37891805616153434,"standard_error":0.15582169197714885}}