{"mean":{"confidence_interval":{"confidence_level":0.95,"lower_bound":29.734772906143977,"upper_bound":30.04706458888528},"point_estimate":29.861580376366845,"standard_error":0.08182270833250756},"median":{"confidence_interval":{"confidence_level":0.95,"lower_bound":29.686720275034233,"upper_bound":29.727773078828058},"point_estimate":29.710815959683316,"standard_error":0.009777254472823313},"median_abs_dev":{"confidence_interval":{"confidence_level":0.95,"lower_bound":0.06938333414790725,"upper_bound":0.10963098649923479},"point_estimate":0.08895705422283569,"standard_error":0.01014786253043176},"slope":{"confidence_interval":{"confidence_level":0.95,"lower_bound":29.72180288352059,"upper_bound":30.071476671001165},"point_estimate":29.849877508958233,"standard_error":0.09485579893341117},"std_dev":{"confidence_interval":{"confidence_level":0.95,"lower_bound":0.18687871562078315,"upper_bound":1.3275593356031332},"point_estimate":0.8209292034887024,"standard_error":0.3272380526663131}}