{"mean":{"confidence_interval":{"confidence_level":0.95,"lower_bound":355897.919629157,"upper_bound":357206.82617080904},"point_estimate":356553.8210918372,"standard_error":333.0928238346179},"median":{"confidence_interval":{"confidence_level":0.95,"lower_bound":357001.7409839483,"upper_bound":357608.0056497175},"point_estimate":357286.95775729645,"standard_error":145.9003103341892},"median_abs_dev":{"confidence_interval":{"confidence_level":0.95,"lower_bound":970.2546394547111,"upper_bound":1788.3319898421757},"point_estimate":1305.6869210478144,"standard_error":201.9865230279875},"slope":{"confidence_interval":{"confidence_level":0.95,"lower_bound":353477.94636835577,"upper_bound":355471.7485742316},"point_estimate":354407.54176740063,"standard_error":510.2625561072855},"std_dev":{"confidence_interval":{"confidence_level":0.95,"lower_bound":2660.3880849011293,"upper_bound":4050.535432569748},"point_estimate":3351.4264102730162,"standard_error":357.893665298661}}