{"mean":{"confidence_interval":{"confidence_level":0.95,"lower_bound":680.4759834735813,"upper_bound":682.2335155829},"point_estimate":681.2198217323519,"standard_error":0.45603695331435645},"median":{"confidence_interval":{"confidence_level":0.95,"lower_bound":679.7841295401682,"upper_bound":680.4676317852244},"point_estimate":680.1956473813358,"standard_error":0.17029305629137542},"median_abs_dev":{"confidence_interval":{"confidence_level":0.95,"lower_bound":0.9523242468876948,"upper_bound":1.7237189106624735},"point_estimate":1.4328936213701746,"standard_error":0.19640252022021798},"slope":{"confidence_interval":{"confidence_level":0.95,"lower_bound":680.515736177181,"upper_bound":681.4825169100938},"point_estimate":680.9646671827677,"standard_error":0.245938790117511},"std_dev":{"confidence_interval":{"confidence_level":0.95,"lower_bound":1.7287734035838198,"upper_bound":7.16910105375339},"point_estimate":4.585946701146808,"standard_error":1.5564168353511807}}