{"mean":{"confidence_interval":{"confidence_level":0.95,"lower_bound":1662.1045734324043,"upper_bound":1674.4815245904028},"point_estimate":1667.3510698982639,"standard_error":3.208361771816901},"median":{"confidence_interval":{"confidence_level":0.95,"lower_bound":1661.9580466148723,"upper_bound":1668.7573413379073},"point_estimate":1666.5034241256328,"standard_error":1.8724152338448052},"median_abs_dev":{"confidence_interval":{"confidence_level":0.95,"lower_bound":8.82294739647984,"upper_bound":16.690049257394545},"point_estimate":11.9720133674704,"standard_error":2.1232514352281404},"slope":{"confidence_interval":{"confidence_level":0.95,"lower_bound":1659.9875787103874,"upper_bound":1682.036705154858},"point_estimate":1668.3305804974752,"standard_error":5.920280397546531},"std_dev":{"confidence_interval":{"confidence_level":0.95,"lower_bound":11.396356043420148,"upper_bound":50.679561326606475},"point_estimate":32.297308228000695,"standard_error":11.106531332771555}}