{"mean":{"confidence_interval":{"confidence_level":0.95,"lower_bound":42.503611043994255,"upper_bound":42.604950684695154},"point_estimate":42.54429093957254,"standard_error":0.026668850911287786},"median":{"confidence_interval":{"confidence_level":0.95,"lower_bound":42.4969151414651,"upper_bound":42.530046872518795},"point_estimate":42.514227233111754,"standard_error":0.008609208313203227},"median_abs_dev":{"confidence_interval":{"confidence_level":0.95,"lower_bound":0.05067318698607209,"upper_bound":0.08039699834730071},"point_estimate":0.06650268678702372,"standard_error":0.0074692663887468815},"slope":{"confidence_interval":{"confidence_level":0.95,"lower_bound":42.51118846644411,"upper_bound":42.55578574966064},"point_estimate":42.531603460883915,"standard_error":0.011394653173954864},"std_dev":{"confidence_interval":{"confidence_level":0.95,"lower_bound":0.08676538254751805,"upper_bound":0.4354135810674239},"point_estimate":0.2675873132809495,"standard_error":0.11219030110813753}}