{"mean":{"confidence_interval":{"confidence_level":0.95,"lower_bound":0.31071474187224896,"upper_bound":0.31132438265074985},"point_estimate":0.3109764373141722,"standard_error":0.00015729887351765548},"median":{"confidence_interval":{"confidence_level":0.95,"lower_bound":0.31060224547632964,"upper_bound":0.31066797957803627},"point_estimate":0.31062465281730045,"standard_error":0.000018827375773114303},"median_abs_dev":{"confidence_interval":{"confidence_level":0.95,"lower_bound":0.00010465516448105808,"upper_bound":0.00018648159045620008},"point_estimate":0.0001489049321032513,"standard_error":0.00002012057689054757},"slope":{"confidence_interval":{"confidence_level":0.95,"lower_bound":0.3106619505074813,"upper_bound":0.31090670173853524},"point_estimate":0.31076585035940024,"standard_error":0.0000633335750277621},"std_dev":{"confidence_interval":{"confidence_level":0.95,"lower_bound":0.0005052454391825946,"upper_bound":0.0024030599458957774},"point_estimate":0.0015799238648821611,"standard_error":0.000492639318598939}}