{"mean":{"confidence_interval":{"confidence_level":0.95,"lower_bound":45.83337594863381,"upper_bound":45.91690341989256},"point_estimate":45.86732428661803,"standard_error":0.021887692825488546},"median":{"confidence_interval":{"confidence_level":0.95,"lower_bound":45.807566092612824,"upper_bound":45.840876050221844},"point_estimate":45.821684609880464,"standard_error":0.007916430545112246},"median_abs_dev":{"confidence_interval":{"confidence_level":0.95,"lower_bound":0.037698652737961864,"upper_bound":0.06328916170619962},"point_estimate":0.04717418568473945,"standard_error":0.006215555627818248},"slope":{"confidence_interval":{"confidence_level":0.95,"lower_bound":45.828270237138845,"upper_bound":45.8780279360467},"point_estimate":45.85041713586898,"standard_error":0.01277497784235387},"std_dev":{"confidence_interval":{"confidence_level":0.95,"lower_bound":0.07361957421272128,"upper_bound":0.35271988846369284},"point_estimate":0.21931367484269718,"standard_error":0.08719274597366755}}