{"mean":{"confidence_interval":{"confidence_level":0.95,"lower_bound":75.43552920511003,"upper_bound":75.82991079263822},"point_estimate":75.58837755219983,"standard_error":0.10486937545400736},"median":{"confidence_interval":{"confidence_level":0.95,"lower_bound":75.38178983993618,"upper_bound":75.4884540870429},"point_estimate":75.444333016758,"standard_error":0.025796094942075763},"median_abs_dev":{"confidence_interval":{"confidence_level":0.95,"lower_bound":0.14181668534903857,"upper_bound":0.2510667181944374},"point_estimate":0.18248889658467518,"standard_error":0.029579115573042134},"slope":{"confidence_interval":{"confidence_level":0.95,"lower_bound":75.43541851454398,"upper_bound":75.61146473815805},"point_estimate":75.51537442325136,"standard_error":0.04531403527773791},"std_dev":{"confidence_interval":{"confidence_level":0.95,"lower_bound":0.24802733267540716,"upper_bound":1.7405897120359068},"point_estimate":1.0541723768691489,"standard_error":0.4730354319522799}}