{"mean":{"confidence_interval":{"confidence_level":0.95,"lower_bound":0.6214740442698871,"upper_bound":0.6229085182918414},"point_estimate":0.6220821409862826,"standard_error":0.0003722933758813815},"median":{"confidence_interval":{"confidence_level":0.95,"lower_bound":0.6210992838868927,"upper_bound":0.6212563334813282},"point_estimate":0.6211597474659214,"standard_error":0.000036526080471590304},"median_abs_dev":{"confidence_interval":{"confidence_level":0.95,"lower_bound":0.0002697418747545205,"upper_bound":0.0004425249784654974},"point_estimate":0.00037134501670483384,"standard_error":0.00004448180234946855},"slope":{"confidence_interval":{"confidence_level":0.95,"lower_bound":0.6213038458278848,"upper_bound":0.6220557513097439},"point_estimate":0.6216296792860628,"standard_error":0.00019397020245951092},"std_dev":{"confidence_interval":{"confidence_level":0.95,"lower_bound":0.0014050200030645628,"upper_bound":0.005799496700016335},"point_estimate":0.0037315624372895127,"standard_error":0.0012498051195773971}}