{"mean":{"confidence_interval":{"confidence_level":0.95,"lower_bound":91.18170124153494,"upper_bound":91.59994423278796},"point_estimate":91.35178526886419,"standard_error":0.10956791872974876},"median":{"confidence_interval":{"confidence_level":0.95,"lower_bound":91.12720383212984,"upper_bound":91.28752642706131},"point_estimate":91.21213003860211,"standard_error":0.04033796641059568},"median_abs_dev":{"confidence_interval":{"confidence_level":0.95,"lower_bound":0.19063473037637724,"upper_bound":0.31095245222699625},"point_estimate":0.23025928327681072,"standard_error":0.03114678613693853},"slope":{"confidence_interval":{"confidence_level":0.95,"lower_bound":91.19444636400542,"upper_bound":91.33128426780924},"point_estimate":91.25879188949276,"standard_error":0.034900993155358405},"std_dev":{"confidence_interval":{"confidence_level":0.95,"lower_bound":0.3373566485585057,"upper_bound":1.7790516505649752},"point_estimate":1.1033329099519786,"standard_error":0.4380441753594171}}