{"mean":{"confidence_interval":{"confidence_level":0.95,"lower_bound":0.6201250872347387,"upper_bound":0.6226549222302386},"point_estimate":0.6215846072383387,"standard_error":0.0006578769463924315},"median":{"confidence_interval":{"confidence_level":0.95,"lower_bound":0.6217872229955754,"upper_bound":0.6224791768284479},"point_estimate":0.6221343202398413,"standard_error":0.00016754748196108396},"median_abs_dev":{"confidence_interval":{"confidence_level":0.95,"lower_bound":0.0010021931343536076,"upper_bound":0.0016570942975079601},"point_estimate":0.0012958049056983573,"standard_error":0.00016879540739660033},"slope":{"confidence_interval":{"confidence_level":0.95,"lower_bound":0.6220384233977071,"upper_bound":0.6226242045507169},"point_estimate":0.6223084273390199,"standard_error":0.0001494116312107239},"std_dev":{"confidence_interval":{"confidence_level":0.95,"lower_bound":0.0016096982718245083,"upper_bound":0.010276775384659185},"point_estimate":0.006619985803784844,"standard_error":0.002297353510016378}}