{"mean":{"confidence_interval":{"confidence_level":0.95,"lower_bound":0.31062042858097794,"upper_bound":0.3108795185976293},"point_estimate":0.3107193287052925,"standard_error":0.00006943760041338724},"median":{"confidence_interval":{"confidence_level":0.95,"lower_bound":0.3105642914820198,"upper_bound":0.31064158192561653},"point_estimate":0.3105978144018453,"standard_error":0.00002215869949477464},"median_abs_dev":{"confidence_interval":{"confidence_level":0.95,"lower_bound":0.00009672872131129226,"upper_bound":0.00016177850684189051},"point_estimate":0.00012539678439369385,"standard_error":0.000016841221733216024},"slope":{"confidence_interval":{"confidence_level":0.95,"lower_bound":0.31061221776557185,"upper_bound":0.3107832038543834},"point_estimate":0.3106821721652158,"standard_error":0.00004497490757083267},"std_dev":{"confidence_interval":{"confidence_level":0.95,"lower_bound":0.0001499733257008117,"upper_bound":0.0011611110406049227},"point_estimate":0.0006988778112112609,"standard_error":0.0003247709349261906}}