{"mean":{"confidence_interval":{"confidence_level":0.95,"lower_bound":62.029979434253114,"upper_bound":62.227947083706084},"point_estimate":62.108306884228085,"standard_error":0.052370910019069655},"median":{"confidence_interval":{"confidence_level":0.95,"lower_bound":61.965006856352204,"upper_bound":62.05501226499888},"point_estimate":62.039968222660534,"standard_error":0.024512695101482327},"median_abs_dev":{"confidence_interval":{"confidence_level":0.95,"lower_bound":0.12267374918611093,"upper_bound":0.21675467061345785},"point_estimate":0.18867393474619834,"standard_error":0.024367122049972247},"slope":{"confidence_interval":{"confidence_level":0.95,"lower_bound":62.03365856960874,"upper_bound":62.14742185020547},"point_estimate":62.08818571603142,"standard_error":0.02913555029666232},"std_dev":{"confidence_interval":{"confidence_level":0.95,"lower_bound":0.17515884598413844,"upper_bound":0.8581416174435196},"point_estimate":0.5254358517893623,"standard_error":0.22807937166216788}}