{"mean":{"confidence_interval":{"confidence_level":0.95,"lower_bound":178.670445598176,"upper_bound":179.06972513528524},"point_estimate":178.84540468447744,"standard_error":0.10219865294381784},"median":{"confidence_interval":{"confidence_level":0.95,"lower_bound":178.65954287319647,"upper_bound":178.8828545032717},"point_estimate":178.78942621465742,"standard_error":0.05148510073139057},"median_abs_dev":{"confidence_interval":{"confidence_level":0.95,"lower_bound":0.3545001273911597,"upper_bound":0.7328783026582378},"point_estimate":0.5392658774889143,"standard_error":0.09664011252885028},"slope":{"confidence_interval":{"confidence_level":0.95,"lower_bound":178.7435029850914,"upper_bound":179.06217451517745},"point_estimate":178.90463930239278,"standard_error":0.08155700962356026},"std_dev":{"confidence_interval":{"confidence_level":0.95,"lower_bound":0.5274889762709263,"upper_bound":1.5524419855572493},"point_estimate":1.0270573248145425,"standard_error":0.3041335348260443}}