{"mean":{"confidence_interval":{"confidence_level":0.95,"lower_bound":29.671139257936336,"upper_bound":29.79833863419687},"point_estimate":29.717828939096407,"standard_error":0.036127485432601344},"median":{"confidence_interval":{"confidence_level":0.95,"lower_bound":29.65293555052287,"upper_bound":29.683519892284814},"point_estimate":29.67002854138893,"standard_error":0.007590096543567187},"median_abs_dev":{"confidence_interval":{"confidence_level":0.95,"lower_bound":0.040507151880828283,"upper_bound":0.06448767646843435},"point_estimate":0.05358526220141029,"standard_error":0.006148517494721221},"slope":{"confidence_interval":{"confidence_level":0.95,"lower_bound":29.65779835003404,"upper_bound":29.682928461820346},"point_estimate":29.669357411032177,"standard_error":0.0063939127669706865},"std_dev":{"confidence_interval":{"confidence_level":0.95,"lower_bound":0.056249757753387496,"upper_bound":0.6128279501609574},"point_estimate":0.36230524098173894,"standard_error":0.1906587851060884}}