{"mean":{"confidence_interval":{"confidence_level":0.95,"lower_bound":22.13092226414033,"upper_bound":22.191123077717286},"point_estimate":22.157695253048907,"standard_error":0.015511797109321204},"median":{"confidence_interval":{"confidence_level":0.95,"lower_bound":22.113678098780916,"upper_bound":22.129193960385138},"point_estimate":22.119311145235194,"standard_error":0.0038108633023924057},"median_abs_dev":{"confidence_interval":{"confidence_level":0.95,"lower_bound":0.021170506827795314,"upper_bound":0.03386093485570709},"point_estimate":0.02624884604599742,"standard_error":0.0030616402960552207},"slope":{"confidence_interval":{"confidence_level":0.95,"lower_bound":22.127232503351152,"upper_bound":22.179600812772495},"point_estimate":22.149961723525603,"standard_error":0.013500300234993946},"std_dev":{"confidence_interval":{"confidence_level":0.95,"lower_bound":0.0649432984377972,"upper_bound":0.22302563115908078},"point_estimate":0.15644322265069116,"standard_error":0.039604222310436164}}