{"mean":{"confidence_interval":{"confidence_level":0.95,"lower_bound":13.685122702072402,"upper_bound":13.768453871580741},"point_estimate":13.716283866706474,"standard_error":0.022643832353025924},"median":{"confidence_interval":{"confidence_level":0.95,"lower_bound":13.668681156614955,"upper_bound":13.679035565575166},"point_estimate":13.673080287400964,"standard_error":0.0030006196938029534},"median_abs_dev":{"confidence_interval":{"confidence_level":0.95,"lower_bound":0.009749332030996795,"upper_bound":0.022134996492185626},"point_estimate":0.01471117616696271,"standard_error":0.0035124088929145746},"slope":{"confidence_interval":{"confidence_level":0.95,"lower_bound":13.681466956620547,"upper_bound":13.711508178792597},"point_estimate":13.694555494368283,"standard_error":0.007726908339266606},"std_dev":{"confidence_interval":{"confidence_level":0.95,"lower_bound":0.043092786961641594,"upper_bound":0.3798450145601918},"point_estimate":0.22718573201535217,"standard_error":0.11058757579930215}}