{"mean":{"confidence_interval":{"confidence_level":0.95,"lower_bound":36711.99786712546,"upper_bound":36879.323016636496},"point_estimate":36796.08681031692,"standard_error":42.64238054257852},"median":{"confidence_interval":{"confidence_level":0.95,"lower_bound":36697.6762079832,"upper_bound":36884.01754385965},"point_estimate":36768.18881578947,"standard_error":46.37725211269067},"median_abs_dev":{"confidence_interval":{"confidence_level":0.95,"lower_bound":322.60080410605286,"upper_bound":581.8057646708872},"point_estimate":437.41021346936026,"standard_error":68.85903876050796},"slope":{"confidence_interval":{"confidence_level":0.95,"lower_bound":36574.19866560702,"upper_bound":36819.9634049684},"point_estimate":36697.38301737423,"standard_error":62.579423429405956},"std_dev":{"confidence_interval":{"confidence_level":0.95,"lower_bound":374.1855468051499,"upper_bound":477.3105796315722},"point_estimate":428.8509977265159,"standard_error":26.32523194184639}}