{"mean":{"confidence_interval":{"confidence_level":0.95,"lower_bound":3309296.7358750002,"upper_bound":3327174.053984375},"point_estimate":3318435.260625,"standard_error":4564.497965787276},"median":{"confidence_interval":{"confidence_level":0.95,"lower_bound":3329184.625,"upper_bound":3338023.6875},"point_estimate":3333310.5,"standard_error":2350.340759479125},"median_abs_dev":{"confidence_interval":{"confidence_level":0.95,"lower_bound":15097.13020697236,"upper_bound":29296.036486141384},"point_estimate":20611.568146571517,"standard_error":3662.990501617039},"slope":null,"std_dev":{"confidence_interval":{"confidence_level":0.95,"lower_bound":38345.578864486524,"upper_bound":52044.82172006675},"point_estimate":45859.995031672304,"standard_error":3490.7331790763055}}