{"mean":{"confidence_interval":{"confidence_level":0.95,"lower_bound":13.990721427774904,"upper_bound":14.050822716611169},"point_estimate":14.01187382561536,"standard_error":0.0182803899033779},"median":{"confidence_interval":{"confidence_level":0.95,"lower_bound":13.984760029599617,"upper_bound":13.990584596798122},"point_estimate":13.987297047492751,"standard_error":0.0013694038660664657},"median_abs_dev":{"confidence_interval":{"confidence_level":0.95,"lower_bound":0.00849227033012423,"upper_bound":0.015416116963883111},"point_estimate":0.011130639869625224,"standard_error":0.001723650456525437},"slope":{"confidence_interval":{"confidence_level":0.95,"lower_bound":13.990332139502238,"upper_bound":13.99917427056964},"point_estimate":13.994582259883723,"standard_error":0.002255804332504421},"std_dev":{"confidence_interval":{"confidence_level":0.95,"lower_bound":0.0159648270801674,"upper_bound":0.3154320013384509},"point_estimate":0.18449078083517068,"standard_error":0.106886016015562}}