{"mean":{"confidence_interval":{"confidence_level":0.95,"lower_bound":62.723994541868024,"upper_bound":62.83859239869025},"point_estimate":62.7755088410442,"standard_error":0.029476817023556857},"median":{"confidence_interval":{"confidence_level":0.95,"lower_bound":62.687332157208665,"upper_bound":62.72272318819584},"point_estimate":62.70252362133909,"standard_error":0.010672250982236689},"median_abs_dev":{"confidence_interval":{"confidence_level":0.95,"lower_bound":0.050749764914655514,"upper_bound":0.08533577985253364},"point_estimate":0.06286714824352123,"standard_error":0.009703310617114679},"slope":{"confidence_interval":{"confidence_level":0.95,"lower_bound":62.71051847179711,"upper_bound":62.812690095383545},"point_estimate":62.755369321082235,"standard_error":0.026237772473315914},"std_dev":{"confidence_interval":{"confidence_level":0.95,"lower_bound":0.1473760872953685,"upper_bound":0.41430660092840427},"point_estimate":0.29664364833053075,"standard_error":0.06757084681008715}}