{"mean":{"confidence_interval":{"confidence_level":0.95,"lower_bound":34089463.423750006,"upper_bound":34156333.043125},"point_estimate":34123872.915,"standard_error":17005.79578798632},"median":{"confidence_interval":{"confidence_level":0.95,"lower_bound":34098185.75,"upper_bound":34147290.5},"point_estimate":34118060.75,"standard_error":13391.65216216254},"median_abs_dev":{"confidence_interval":{"confidence_level":0.95,"lower_bound":68201.45203918219,"upper_bound":118266.62925034761},"point_estimate":84292.10955351591,"standard_error":12954.633785801148},"slope":null,"std_dev":{"confidence_interval":{"confidence_level":0.95,"lower_bound":104330.78539489889,"upper_bound":228089.5237933985},"point_estimate":170741.8689298316,"standard_error":31312.91163561609}}