{"mean":{"confidence_interval":{"confidence_level":0.95,"lower_bound":5.901301641787723,"upper_bound":5.907827281778042},"point_estimate":5.903947978957345,"standard_error":0.001708880676349073},"median":{"confidence_interval":{"confidence_level":0.95,"lower_bound":5.899797568227437,"upper_bound":5.900691110020255},"point_estimate":5.90011948542409,"standard_error":0.00023078218367707478},"median_abs_dev":{"confidence_interval":{"confidence_level":0.95,"lower_bound":0.0012639441983128992,"upper_bound":0.002388631750748704},"point_estimate":0.00181588501676386,"standard_error":0.00027062282928879495},"slope":{"confidence_interval":{"confidence_level":0.95,"lower_bound":5.900882040820289,"upper_bound":5.903898437982587},"point_estimate":5.902151084294677,"standard_error":0.0007799964073137433},"std_dev":{"confidence_interval":{"confidence_level":0.95,"lower_bound":0.0042162082756920585,"upper_bound":0.02770895831284365},"point_estimate":0.01713830068399963,"standard_error":0.006809136123946649}}