{"mean":{"confidence_interval":{"confidence_level":0.95,"lower_bound":14.303907250975742,"upper_bound":14.368030158665404},"point_estimate":14.326882393671927,"standard_error":0.018726333945497553},"median":{"confidence_interval":{"confidence_level":0.95,"lower_bound":14.295011598515968,"upper_bound":14.302024994214301},"point_estimate":14.297811471195166,"standard_error":0.00179844004300274},"median_abs_dev":{"confidence_interval":{"confidence_level":0.95,"lower_bound":0.010357076943607607,"upper_bound":0.019206354737944117},"point_estimate":0.013513224673238722,"standard_error":0.002295597670656936},"slope":{"confidence_interval":{"confidence_level":0.95,"lower_bound":14.303752503360636,"upper_bound":14.319446895523505},"point_estimate":14.310838651296141,"standard_error":0.004031494228301748},"std_dev":{"confidence_interval":{"confidence_level":0.95,"lower_bound":0.022489555503895097,"upper_bound":0.3199522137717526},"point_estimate":0.1881467232267904,"standard_error":0.10363293804889981}}