{"mean":{"confidence_interval":{"confidence_level":0.95,"lower_bound":14.299628283121821,"upper_bound":14.373226805911008},"point_estimate":14.326203807260386,"standard_error":0.02122464530756575},"median":{"confidence_interval":{"confidence_level":0.95,"lower_bound":14.289393352009345,"upper_bound":14.294807525615095},"point_estimate":14.293346555259994,"standard_error":0.001638540171484416},"median_abs_dev":{"confidence_interval":{"confidence_level":0.95,"lower_bound":0.007005736870217746,"upper_bound":0.014457248161150014},"point_estimate":0.011557594646054084,"standard_error":0.0020879645543495926},"slope":{"confidence_interval":{"confidence_level":0.95,"lower_bound":14.293577559425758,"upper_bound":14.300502008872778},"point_estimate":14.296805278450108,"standard_error":0.001762310546143302},"std_dev":{"confidence_interval":{"confidence_level":0.95,"lower_bound":0.027721876784794684,"upper_bound":0.36058177191058943},"point_estimate":0.21262707405810846,"standard_error":0.11490473689110801}}