{"mean":{"confidence_interval":{"confidence_level":0.95,"lower_bound":34207496.999375,"upper_bound":34260604.16625},"point_estimate":34233740.61,"standard_error":13573.098576219638},"median":{"confidence_interval":{"confidence_level":0.95,"lower_bound":34188046.0,"upper_bound":34250397.75},"point_estimate":34212045.75,"standard_error":13997.996107370287},"median_abs_dev":{"confidence_interval":{"confidence_level":0.95,"lower_bound":104021.80870324373,"upper_bound":175528.3467337489},"point_estimate":136109.71993356943,"standard_error":17419.861929931256},"slope":null,"std_dev":{"confidence_interval":{"confidence_level":0.95,"lower_bound":118009.18468476066,"upper_bound":152927.1703472859},"point_estimate":136703.52472408226,"standard_error":8901.836278077411}}