{"mean":{"confidence_interval":{"confidence_level":0.95,"lower_bound":0.9322370175325079,"upper_bound":0.9346998989105273},"point_estimate":0.9331703754220002,"standard_error":0.0006639686548367172},"median":{"confidence_interval":{"confidence_level":0.95,"lower_bound":0.931798334046037,"upper_bound":0.9320309459238891},"point_estimate":0.9319568245859922,"standard_error":0.000060255751613172035},"median_abs_dev":{"confidence_interval":{"confidence_level":0.95,"lower_bound":0.0004611262690932463,"upper_bound":0.0008288920499360696},"point_estimate":0.0006913233812154054,"standard_error":0.00009651759592625384},"slope":{"confidence_interval":{"confidence_level":0.95,"lower_bound":0.9319846316210844,"upper_bound":0.9328135510231615},"point_estimate":0.9323459053879887,"standard_error":0.00021380596224206835},"std_dev":{"confidence_interval":{"confidence_level":0.95,"lower_bound":0.0014552881970260384,"upper_bound":0.011068021860523925},"point_estimate":0.0066569879614456155,"standard_error":0.0031416946458177266}}