{"mean":{"confidence_interval":{"confidence_level":0.95,"lower_bound":0.9322733763656551,"upper_bound":0.9334252258928255},"point_estimate":0.9327736705560598,"standard_error":0.0002967082626326055},"median":{"confidence_interval":{"confidence_level":0.95,"lower_bound":0.9317145130008545,"upper_bound":0.9320190189256881},"point_estimate":0.9318240927836392,"standard_error":0.00008056598946803469},"median_abs_dev":{"confidence_interval":{"confidence_level":0.95,"lower_bound":0.0003942569325896599,"upper_bound":0.0008696090924742064},"point_estimate":0.000538102408237174,"standard_error":0.00012338456361060655},"slope":{"confidence_interval":{"confidence_level":0.95,"lower_bound":0.9324896860272214,"upper_bound":0.933438435228659},"point_estimate":0.9329414448290404,"standard_error":0.00024241673379950384},"std_dev":{"confidence_interval":{"confidence_level":0.95,"lower_bound":0.001362967178112344,"upper_bound":0.004513079143458344},"point_estimate":0.0029853792144676136,"standard_error":0.0008908221285810487}}