{"mean":{"confidence_interval":{"confidence_level":0.95,"lower_bound":0.932166907115941,"upper_bound":0.9354976225276697},"point_estimate":0.9334028687911,"standard_error":0.0009143718420765888},"median":{"confidence_interval":{"confidence_level":0.95,"lower_bound":0.9317804670941886,"upper_bound":0.9320642521331214},"point_estimate":0.9319153160835825,"standard_error":0.0000796646143839894},"median_abs_dev":{"confidence_interval":{"confidence_level":0.95,"lower_bound":0.0003346243410114296,"upper_bound":0.0006528426485977493},"point_estimate":0.00045975623201298605,"standard_error":0.00008581584713003136},"slope":{"confidence_interval":{"confidence_level":0.95,"lower_bound":0.9322796986828543,"upper_bound":0.9403758619026786},"point_estimate":0.9350908032383046,"standard_error":0.0023404169160906483},"std_dev":{"confidence_interval":{"confidence_level":0.95,"lower_bound":0.0010489571856788407,"upper_bound":0.015449154194080382},"point_estimate":0.009192437894097995,"standard_error":0.004595400210989258}}