{"mean":{"confidence_interval":{"confidence_level":0.95,"lower_bound":0.6215596754619472,"upper_bound":0.6226805096846626},"point_estimate":0.6220373472815809,"standard_error":0.0002899596994933265},"median":{"confidence_interval":{"confidence_level":0.95,"lower_bound":0.6212422929146163,"upper_bound":0.6213812140929377},"point_estimate":0.6213228699302838,"standard_error":0.00003638326939367402},"median_abs_dev":{"confidence_interval":{"confidence_level":0.95,"lower_bound":0.00022160106025976848,"upper_bound":0.00042373422143955863},"point_estimate":0.0003089113289689984,"standard_error":0.00005572264054966472},"slope":{"confidence_interval":{"confidence_level":0.95,"lower_bound":0.621494071276878,"upper_bound":0.6223417963007147},"point_estimate":0.62187693569291,"standard_error":0.00021827758031399335},"std_dev":{"confidence_interval":{"confidence_level":0.95,"lower_bound":0.0010388027770730627,"upper_bound":0.004537369801762465},"point_estimate":0.0029167452229073958,"standard_error":0.0009768280276700606}}