{"mean":{"confidence_interval":{"confidence_level":0.95,"lower_bound":49.14612471013221,"upper_bound":49.409150522782724},"point_estimate":49.25517263334289,"standard_error":0.06849961215917},"median":{"confidence_interval":{"confidence_level":0.95,"lower_bound":49.10883401018478,"upper_bound":49.14927959726485},"point_estimate":49.12057107376336,"standard_error":0.011964414882450196},"median_abs_dev":{"confidence_interval":{"confidence_level":0.95,"lower_bound":0.06983002254101553,"upper_bound":0.11341838416326928},"point_estimate":0.09173316443567547,"standard_error":0.010833648674066191},"slope":{"confidence_interval":{"confidence_level":0.95,"lower_bound":49.1483997498274,"upper_bound":49.25624827210069},"point_estimate":49.19695767992632,"standard_error":0.02770195867738909},"std_dev":{"confidence_interval":{"confidence_level":0.95,"lower_bound":0.16350186223025245,"upper_bound":1.09794638794629},"point_estimate":0.6881796006544911,"standard_error":0.2559483870946691}}