{"mean":{"confidence_interval":{"confidence_level":0.95,"lower_bound":9.407160547453561,"upper_bound":9.458142933849887},"point_estimate":9.43154753356346,"standard_error":0.012991750241175104},"median":{"confidence_interval":{"confidence_level":0.95,"lower_bound":9.35816058236179,"upper_bound":9.439572282228635},"point_estimate":9.39747115349008,"standard_error":0.025117673633512496},"median_abs_dev":{"confidence_interval":{"confidence_level":0.95,"lower_bound":0.06481283115606067,"upper_bound":0.16219224886236072},"point_estimate":0.11455933431957363,"standard_error":0.027955667713745577},"slope":{"confidence_interval":{"confidence_level":0.95,"lower_bound":9.399025558785835,"upper_bound":9.449086389582556},"point_estimate":9.423282347953801,"standard_error":0.012811247618706906},"std_dev":{"confidence_interval":{"confidence_level":0.95,"lower_bound":0.10070873529872168,"upper_bound":0.16123927211440908},"point_estimate":0.1304247393718929,"standard_error":0.015755828482389343}}