{"mean":{"confidence_interval":{"confidence_level":0.95,"lower_bound":90.36183282731785,"upper_bound":90.88103165849543},"point_estimate":90.5580012703315,"standard_error":0.14116512080654695},"median":{"confidence_interval":{"confidence_level":0.95,"lower_bound":90.30992629989129,"upper_bound":90.3720858864896},"point_estimate":90.33574021969474,"standard_error":0.01810473459159363},"median_abs_dev":{"confidence_interval":{"confidence_level":0.95,"lower_bound":0.10049297074580486,"upper_bound":0.17141351114964598},"point_estimate":0.1341922811049812,"standard_error":0.017180279404321694},"slope":{"confidence_interval":{"confidence_level":0.95,"lower_bound":90.31959069405183,"upper_bound":90.4203500549129},"point_estimate":90.36178795091553,"standard_error":0.025963924471059028},"std_dev":{"confidence_interval":{"confidence_level":0.95,"lower_bound":0.21093206164806882,"upper_bound":2.3843970098727305},"point_estimate":1.4264686002319182,"standard_error":0.6905440212910945}}