{"mean":{"confidence_interval":{"confidence_level":0.95,"lower_bound":11.504376471586529,"upper_bound":11.5173900454912},"point_estimate":11.50965365870187,"standard_error":0.003412369068476244},"median":{"confidence_interval":{"confidence_level":0.95,"lower_bound":11.5008731730223,"upper_bound":11.503749780527684},"point_estimate":11.502142760003462,"standard_error":0.0008266236519224174},"median_abs_dev":{"confidence_interval":{"confidence_level":0.95,"lower_bound":0.003665199891482908,"upper_bound":0.006465415037693267},"point_estimate":0.005319701950610882,"standard_error":0.0007235105140318602},"slope":{"confidence_interval":{"confidence_level":0.95,"lower_bound":11.505895121266093,"upper_bound":11.530504034461192},"point_estimate":11.51516420818962,"standard_error":0.0066994716722940245},"std_dev":{"confidence_interval":{"confidence_level":0.95,"lower_bound":0.010130211178830922,"upper_bound":0.05579943778223171},"point_estimate":0.03452207641791123,"standard_error":0.013921139942411584}}