{"mean":{"confidence_interval":{"confidence_level":0.95,"lower_bound":0.3106844460622547,"upper_bound":0.3114380740021576},"point_estimate":0.31097154730824667,"standard_error":0.00020399910441192811},"median":{"confidence_interval":{"confidence_level":0.95,"lower_bound":0.310618239966281,"upper_bound":0.31067531460122566},"point_estimate":0.3106446212935924,"standard_error":0.000016004098114112024},"median_abs_dev":{"confidence_interval":{"confidence_level":0.95,"lower_bound":0.00011554337117363541,"upper_bound":0.0001906492149477847},"point_estimate":0.00015057845941396792,"standard_error":0.000020624729521308245},"slope":{"confidence_interval":{"confidence_level":0.95,"lower_bound":0.31063460266297366,"upper_bound":0.31070726792876713},"point_estimate":0.31066907433806873,"standard_error":0.000018574334504635243},"std_dev":{"confidence_interval":{"confidence_level":0.95,"lower_bound":0.0002019389879173234,"upper_bound":0.0034337050825519605},"point_estimate":0.0020580913302594294,"standard_error":0.000984266348855846}}