{"mean":{"confidence_interval":{"confidence_level":0.95,"lower_bound":5.592052967488011,"upper_bound":5.59527771892787},"point_estimate":5.593502868540247,"standard_error":0.0008244757384766237},"median":{"confidence_interval":{"confidence_level":0.95,"lower_bound":5.590969684536077,"upper_bound":5.591884406274387},"point_estimate":5.591547226483307,"standard_error":0.0002222124360742202},"median_abs_dev":{"confidence_interval":{"confidence_level":0.95,"lower_bound":0.0016857178074165665,"upper_bound":0.002632773465975242},"point_estimate":0.0021848825649790214,"standard_error":0.0002336356007441399},"slope":{"confidence_interval":{"confidence_level":0.95,"lower_bound":5.591717666112848,"upper_bound":5.593337529411872},"point_estimate":5.592476145288471,"standard_error":0.0004154528520590062},"std_dev":{"confidence_interval":{"confidence_level":0.95,"lower_bound":0.004224604568167295,"upper_bound":0.011678627437992717},"point_estimate":0.008288945961172882,"standard_error":0.0019116093511292464}}