{"mean":{"confidence_interval":{"confidence_level":0.95,"lower_bound":0.6214520643634618,"upper_bound":0.6221851566946588},"point_estimate":0.6217749627871457,"standard_error":0.0001885098575738182},"median":{"confidence_interval":{"confidence_level":0.95,"lower_bound":0.6212120090680061,"upper_bound":0.6213193161928714},"point_estimate":0.6212544496354241,"standard_error":0.000027664862309972438},"median_abs_dev":{"confidence_interval":{"confidence_level":0.95,"lower_bound":0.00018100547075488742,"upper_bound":0.0003750917232538172},"point_estimate":0.0002650299041428846,"standard_error":0.00005024889743613486},"slope":{"confidence_interval":{"confidence_level":0.95,"lower_bound":0.6213563662417687,"upper_bound":0.6218928560025591},"point_estimate":0.6215846628121552,"standard_error":0.0001387921810864578},"std_dev":{"confidence_interval":{"confidence_level":0.95,"lower_bound":0.0008484209124197451,"upper_bound":0.002817134469524459},"point_estimate":0.0018935434256202007,"standard_error":0.0005192795647631159}}