{"mean":{"confidence_interval":{"confidence_level":0.95,"lower_bound":33.593375754555794,"upper_bound":33.65437651935507},"point_estimate":33.6188366495307,"standard_error":0.015834402229340922},"median":{"confidence_interval":{"confidence_level":0.95,"lower_bound":33.573641214484155,"upper_bound":33.59719637932415},"point_estimate":33.58505092810768,"standard_error":0.006196333214093949},"median_abs_dev":{"confidence_interval":{"confidence_level":0.95,"lower_bound":0.035738664222723565,"upper_bound":0.07316772870291235},"point_estimate":0.05772151752123633,"standard_error":0.009201614963063183},"slope":{"confidence_interval":{"confidence_level":0.95,"lower_bound":33.59800699424683,"upper_bound":33.63729122170096},"point_estimate":33.61686541702007,"standard_error":0.010018674108354502},"std_dev":{"confidence_interval":{"confidence_level":0.95,"lower_bound":0.06346632176437134,"upper_bound":0.2515506424670123},"point_estimate":0.15897570493732677,"standard_error":0.058436619645760475}}