{"mean":{"confidence_interval":{"confidence_level":0.95,"lower_bound":928781.9246296723,"upper_bound":932226.6126741217},"point_estimate":930230.4247733445,"standard_error":885.9806127700984},"median":{"confidence_interval":{"confidence_level":0.95,"lower_bound":928387.7476415094,"upper_bound":930284.94},"point_estimate":929619.9869935268,"standard_error":543.2594157812891},"median_abs_dev":{"confidence_interval":{"confidence_level":0.95,"lower_bound":2814.0396751920766,"upper_bound":4429.442823653022},"point_estimate":3876.6018973648584,"standard_error":416.90529514413896},"slope":{"confidence_interval":{"confidence_level":0.95,"lower_bound":929346.3291792315,"upper_bound":930758.1889175236},"point_estimate":930040.0531609281,"standard_error":361.1509309488486},"std_dev":{"confidence_interval":{"confidence_level":0.95,"lower_bound":3758.2054271737393,"upper_bound":14090.379765747577},"point_estimate":8898.121947069689,"standard_error":3273.9446714401856}}