{"mean":{"confidence_interval":{"confidence_level":0.95,"lower_bound":6.224188584355625,"upper_bound":6.242469483975993},"point_estimate":6.23180122367674,"standard_error":0.004746711348375915},"median":{"confidence_interval":{"confidence_level":0.95,"lower_bound":6.224275805135755,"upper_bound":6.2319334032767495},"point_estimate":6.228394587495554,"standard_error":0.0018809039884570922},"median_abs_dev":{"confidence_interval":{"confidence_level":0.95,"lower_bound":0.010798573266161422,"upper_bound":0.017475733940225297},"point_estimate":0.01348135363660603,"standard_error":0.0016007066591926706},"slope":{"confidence_interval":{"confidence_level":0.95,"lower_bound":6.224568478830215,"upper_bound":6.229968782932257},"point_estimate":6.227136129079522,"standard_error":0.001374663599835027},"std_dev":{"confidence_interval":{"confidence_level":0.95,"lower_bound":0.013278650893762175,"upper_bound":0.07793793454068493},"point_estimate":0.047538004957207274,"standard_error":0.019675411344093455}}