{"mean":{"confidence_interval":{"confidence_level":0.95,"lower_bound":431.9897259851541,"upper_bound":432.82729158667865},"point_estimate":432.32614891694686,"standard_error":0.21948550633216},"median":{"confidence_interval":{"confidence_level":0.95,"lower_bound":431.7411887957653,"upper_bound":432.089986766652},"point_estimate":431.8664669411361,"standard_error":0.08960444421298835},"median_abs_dev":{"confidence_interval":{"confidence_level":0.95,"lower_bound":0.45073420500285977,"upper_bound":0.8265933115941525},"point_estimate":0.570773155326622,"standard_error":0.10192806456484259},"slope":{"confidence_interval":{"confidence_level":0.95,"lower_bound":431.7316785766903,"upper_bound":432.1767711785803},"point_estimate":431.92863237477553,"standard_error":0.11419247996988159},"std_dev":{"confidence_interval":{"confidence_level":0.95,"lower_bound":0.7072064818396788,"upper_bound":3.5614645329633796},"point_estimate":2.1963996063397953,"standard_error":0.9066966442132455}}