{"mean":{"confidence_interval":{"confidence_level":0.95,"lower_bound":531.4865676661811,"upper_bound":534.6412790428449},"point_estimate":532.8566433352095,"standard_error":0.817677518933209},"median":{"confidence_interval":{"confidence_level":0.95,"lower_bound":530.7838708916329,"upper_bound":531.082764030841},"point_estimate":530.9788807755256,"standard_error":0.07394169249998486},"median_abs_dev":{"confidence_interval":{"confidence_level":0.95,"lower_bound":0.5563516023940257,"upper_bound":0.882981830227478},"point_estimate":0.7218524118675085,"standard_error":0.0807107541403252},"slope":{"confidence_interval":{"confidence_level":0.95,"lower_bound":531.3198961216275,"upper_bound":535.0314507600887},"point_estimate":532.7728927834054,"standard_error":0.979065264859019},"std_dev":{"confidence_interval":{"confidence_level":0.95,"lower_bound":3.2031872560266668,"upper_bound":12.515891609969271},"point_estimate":8.25141140586319,"standard_error":2.500333296436082}}