{"mean":{"confidence_interval":{"confidence_level":0.95,"lower_bound":287.0777164852161,"upper_bound":288.5844729520165},"point_estimate":287.6531896841109,"standard_error":0.4074827909515579},"median":{"confidence_interval":{"confidence_level":0.95,"lower_bound":286.7029984817814,"upper_bound":287.3994707378024},"point_estimate":287.01715734746296,"standard_error":0.16556888651016757},"median_abs_dev":{"confidence_interval":{"confidence_level":0.95,"lower_bound":0.8785578800280818,"upper_bound":1.4299520984941856},"point_estimate":1.104398431079999,"standard_error":0.13837103215421775},"slope":{"confidence_interval":{"confidence_level":0.95,"lower_bound":286.8052757955999,"upper_bound":287.4506094205874},"point_estimate":287.1148277931304,"standard_error":0.16455809230767734},"std_dev":{"confidence_interval":{"confidence_level":0.95,"lower_bound":1.10275521678328,"upper_bound":6.814419693564764},"point_estimate":4.09551188090633,"standard_error":1.953164970428032}}