{"mean":{"confidence_interval":{"confidence_level":0.95,"lower_bound":1840.3692431363124,"upper_bound":1845.4646643196972},"point_estimate":1842.8820176566237,"standard_error":1.3031089128836726},"median":{"confidence_interval":{"confidence_level":0.95,"lower_bound":1840.7866956183348,"upper_bound":1845.72576390926},"point_estimate":1843.584432643694,"standard_error":1.2858551944548617},"median_abs_dev":{"confidence_interval":{"confidence_level":0.95,"lower_bound":10.061194882035378,"upper_bound":18.001841315647546},"point_estimate":14.923029122006643,"standard_error":1.8706697347275705},"slope":{"confidence_interval":{"confidence_level":0.95,"lower_bound":1836.3085494254105,"upper_bound":1843.1523996675205},"point_estimate":1839.6260020530847,"standard_error":1.7441394608096532},"std_dev":{"confidence_interval":{"confidence_level":0.95,"lower_bound":11.17512637450711,"upper_bound":15.102369229109154},"point_estimate":13.128468089938508,"standard_error":1.0083756538252584}}