{"mean":{"confidence_interval":{"confidence_level":0.95,"lower_bound":0.6218391715785233,"upper_bound":0.6225644901966978},"point_estimate":0.6221669611517563,"standard_error":0.00018555280329355533},"median":{"confidence_interval":{"confidence_level":0.95,"lower_bound":0.6215415141882134,"upper_bound":0.622214479487141},"point_estimate":0.6220044710833355,"standard_error":0.00020955277941847274},"median_abs_dev":{"confidence_interval":{"confidence_level":0.95,"lower_bound":0.0008360570423406386,"upper_bound":0.001410802097229207},"point_estimate":0.00122718453844902,"standard_error":0.0001710945045229893},"slope":{"confidence_interval":{"confidence_level":0.95,"lower_bound":0.6221020179944156,"upper_bound":0.622695473711763},"point_estimate":0.6223992217424181,"standard_error":0.00015143374457060507},"std_dev":{"confidence_interval":{"confidence_level":0.95,"lower_bound":0.0010222674218010625,"upper_bound":0.002764922150592396},"point_estimate":0.0018673059026626216,"standard_error":0.0005076861100370406}}