{"mean":{"confidence_interval":{"confidence_level":0.95,"lower_bound":30.543494347338306,"upper_bound":30.679764603532075},"point_estimate":30.593172804105535,"standard_error":0.03920950148781838},"median":{"confidence_interval":{"confidence_level":0.95,"lower_bound":30.522498431021532,"upper_bound":30.557356708540386},"point_estimate":30.54384249415218,"standard_error":0.008075981338135151},"median_abs_dev":{"confidence_interval":{"confidence_level":0.95,"lower_bound":0.0413183656927671,"upper_bound":0.0674624916049828},"point_estimate":0.05252670804761942,"standard_error":0.006698781045882297},"slope":{"confidence_interval":{"confidence_level":0.95,"lower_bound":30.53649140620394,"upper_bound":30.56672544469255},"point_estimate":30.550894363177495,"standard_error":0.007716870037903723},"std_dev":{"confidence_interval":{"confidence_level":0.95,"lower_bound":0.0575607027630209,"upper_bound":0.6696844286408301},"point_estimate":0.3948479237532645,"standard_error":0.21253794316390937}}