{"mean":{"confidence_interval":{"confidence_level":0.95,"lower_bound":0.6227200395302197,"upper_bound":0.6244755058685008},"point_estimate":0.6234426244222128,"standard_error":0.00045793661127062005},"median":{"confidence_interval":{"confidence_level":0.95,"lower_bound":0.622249626678805,"upper_bound":0.6228952451382812},"point_estimate":0.6226157480849341,"standard_error":0.00013089404584256395},"median_abs_dev":{"confidence_interval":{"confidence_level":0.95,"lower_bound":0.0010860492179060822,"upper_bound":0.0017171429158674635},"point_estimate":0.0013634390014387514,"standard_error":0.0001658265989460639},"slope":{"confidence_interval":{"confidence_level":0.95,"lower_bound":0.6226068454847871,"upper_bound":0.6232397846557185},"point_estimate":0.6229116388565428,"standard_error":0.00016094393618031448},"std_dev":{"confidence_interval":{"confidence_level":0.95,"lower_bound":0.0016351377744005884,"upper_bound":0.007348727823154624},"point_estimate":0.0045974874961746725,"standard_error":0.001770199866762093}}