{"mean":{"confidence_interval":{"confidence_level":0.95,"lower_bound":13.684568659536367,"upper_bound":13.843295818742437},"point_estimate":13.752420984164608,"standard_error":0.04091291447768842},"median":{"confidence_interval":{"confidence_level":0.95,"lower_bound":13.6698976039981,"upper_bound":13.676521763184464},"point_estimate":13.672082075814727,"standard_error":0.001562960697821873},"median_abs_dev":{"confidence_interval":{"confidence_level":0.95,"lower_bound":0.010612756079260205,"upper_bound":0.017218681194739772},"point_estimate":0.014129169611939168,"standard_error":0.001874417602000571},"slope":{"confidence_interval":{"confidence_level":0.95,"lower_bound":13.683718390263005,"upper_bound":13.760276099619945},"point_estimate":13.714877788662383,"standard_error":0.019854837227126266},"std_dev":{"confidence_interval":{"confidence_level":0.95,"lower_bound":0.04843062643091464,"upper_bound":0.6545637185910104},"point_estimate":0.4136666078321232,"standard_error":0.14880964171438815}}