{"mean":{"confidence_interval":{"confidence_level":0.95,"lower_bound":0.6213511172900293,"upper_bound":0.6218907539031485},"point_estimate":0.6215844280333706,"standard_error":0.00013924368037569537},"median":{"confidence_interval":{"confidence_level":0.95,"lower_bound":0.621156639538154,"upper_bound":0.6212861425471856},"point_estimate":0.6211945064450279,"standard_error":0.000034497316206219925},"median_abs_dev":{"confidence_interval":{"confidence_level":0.95,"lower_bound":0.00020984964209058205,"upper_bound":0.00036558602972353303},"point_estimate":0.0002668332507642884,"standard_error":0.00004036281709321897},"slope":{"confidence_interval":{"confidence_level":0.95,"lower_bound":0.6212811940287997,"upper_bound":0.6216732092042014},"point_estimate":0.6214541997430321,"standard_error":0.00010054498169501527},"std_dev":{"confidence_interval":{"confidence_level":0.95,"lower_bound":0.0006418362211174037,"upper_bound":0.0021368405274879193},"point_estimate":0.0014027336281225886,"standard_error":0.0004384445454323733}}