{"mean":{"confidence_interval":{"confidence_level":0.95,"lower_bound":9.370227468854832,"upper_bound":9.443718803259875},"point_estimate":9.404632325846551,"standard_error":0.018807738631533177},"median":{"confidence_interval":{"confidence_level":0.95,"lower_bound":9.31725257333207,"upper_bound":9.322985933503837},"point_estimate":9.320014895338304,"standard_error":0.001379088181357707},"median_abs_dev":{"confidence_interval":{"confidence_level":0.95,"lower_bound":0.00599546968848879,"upper_bound":0.013967901868998992},"point_estimate":0.009278183461168652,"standard_error":0.001974655461634222},"slope":{"confidence_interval":{"confidence_level":0.95,"lower_bound":9.367603940600153,"upper_bound":9.474559723625786},"point_estimate":9.416889956565734,"standard_error":0.02730218048127445},"std_dev":{"confidence_interval":{"confidence_level":0.95,"lower_bound":0.1342521242193283,"upper_bound":0.2339207525033448},"point_estimate":0.18942287098014238,"standard_error":0.02545860941772279}}