{"mean":{"confidence_interval":{"confidence_level":0.95,"lower_bound":32.15900631797855,"upper_bound":32.245150650096186},"point_estimate":32.19907668005404,"standard_error":0.022092614387140847},"median":{"confidence_interval":{"confidence_level":0.95,"lower_bound":32.11931698938687,"upper_bound":32.18278105342449},"point_estimate":32.148633629091805,"standard_error":0.016643144224527454},"median_abs_dev":{"confidence_interval":{"confidence_level":0.95,"lower_bound":0.0843902778091607,"upper_bound":0.1367815278064401},"point_estimate":0.11421243738549974,"standard_error":0.013030407084532522},"slope":{"confidence_interval":{"confidence_level":0.95,"lower_bound":32.169884698219455,"upper_bound":32.275595117427194},"point_estimate":32.21783177474109,"standard_error":0.02708390373108629},"std_dev":{"confidence_interval":{"confidence_level":0.95,"lower_bound":0.13521277241026491,"upper_bound":0.29942427469827865},"point_estimate":0.22247483045235386,"standard_error":0.04231294737011837}}