{"mean":{"confidence_interval":{"confidence_level":0.95,"lower_bound":61.24721099924591,"upper_bound":61.45589709079879},"point_estimate":61.337561565220305,"standard_error":0.05380064261226083},"median":{"confidence_interval":{"confidence_level":0.95,"lower_bound":61.23557432812759,"upper_bound":61.320700642705695},"point_estimate":61.272113680392394,"standard_error":0.023274756871709032},"median_abs_dev":{"confidence_interval":{"confidence_level":0.95,"lower_bound":0.1351809845750398,"upper_bound":0.22534983862986946},"point_estimate":0.176992194440529,"standard_error":0.02261213705881608},"slope":{"confidence_interval":{"confidence_level":0.95,"lower_bound":61.18525222111016,"upper_bound":61.32619047298264},"point_estimate":61.25793508287634,"standard_error":0.03591978484856543},"std_dev":{"confidence_interval":{"confidence_level":0.95,"lower_bound":0.23476634824795914,"upper_bound":0.8416693375469412},"point_estimate":0.5415072420396988,"standard_error":0.17945051688574845}}