{"mean":{"confidence_interval":{"confidence_level":0.95,"lower_bound":49.928687621491754,"upper_bound":50.094900353148425},"point_estimate":49.99098716078187,"standard_error":0.04592133838789481},"median":{"confidence_interval":{"confidence_level":0.95,"lower_bound":49.91771395070146,"upper_bound":49.9517234085415},"point_estimate":49.930829433544325,"standard_error":0.008235043668482774},"median_abs_dev":{"confidence_interval":{"confidence_level":0.95,"lower_bound":0.047036193115093626,"upper_bound":0.0907064511475008},"point_estimate":0.06464670295104291,"standard_error":0.011445800075117345},"slope":{"confidence_interval":{"confidence_level":0.95,"lower_bound":49.93953813423252,"upper_bound":49.97769124538478},"point_estimate":49.95780939046043,"standard_error":0.009728043242657202},"std_dev":{"confidence_interval":{"confidence_level":0.95,"lower_bound":0.08944234461772554,"upper_bound":0.7776231346385621},"point_estimate":0.4627917137568724,"standard_error":0.2322984236068873}}