{"mean":{"confidence_interval":{"confidence_level":0.95,"lower_bound":692.2670756388718,"upper_bound":693.8940985842544},"point_estimate":692.94620878407,"standard_error":0.42337740886137154},"median":{"confidence_interval":{"confidence_level":0.95,"lower_bound":691.840823984378,"upper_bound":692.1805141568823},"point_estimate":692.0323212287099,"standard_error":0.09847448053189183},"median_abs_dev":{"confidence_interval":{"confidence_level":0.95,"lower_bound":0.4464879907234609,"upper_bound":0.8113280045523836},"point_estimate":0.6758852484400308,"standard_error":0.09861631476444327},"slope":{"confidence_interval":{"confidence_level":0.95,"lower_bound":692.1712763705162,"upper_bound":693.0288606463963},"point_estimate":692.5525258764994,"standard_error":0.22079303578919177},"std_dev":{"confidence_interval":{"confidence_level":0.95,"lower_bound":1.19406596186808,"upper_bound":6.7004480524683},"point_estimate":4.230414239026218,"standard_error":1.5128678379653586}}