{"mean":{"confidence_interval":{"confidence_level":0.95,"lower_bound":679.3592632466688,"upper_bound":681.439060523359},"point_estimate":680.2816195612556,"standard_error":0.5346050919602672},"median":{"confidence_interval":{"confidence_level":0.95,"lower_bound":678.7489614044492,"upper_bound":679.0819248686097},"point_estimate":678.9479332345286,"standard_error":0.07558896019842773},"median_abs_dev":{"confidence_interval":{"confidence_level":0.95,"lower_bound":0.42309858800531,"upper_bound":0.7167533651713772},"point_estimate":0.5991263110074256,"standard_error":0.07529310158703094},"slope":{"confidence_interval":{"confidence_level":0.95,"lower_bound":679.2858232850027,"upper_bound":681.2414220329794},"point_estimate":680.1536270008623,"standard_error":0.5032353355149747},"std_dev":{"confidence_interval":{"confidence_level":0.95,"lower_bound":2.3698925589824773,"upper_bound":7.620938577895359},"point_estimate":5.380871021399133,"standard_error":1.3216488219724745}}