{"mean":{"confidence_interval":{"confidence_level":0.95,"lower_bound":5.906534818082593,"upper_bound":5.914659230574906},"point_estimate":5.91042672759327,"standard_error":0.0020627795381709143},"median":{"confidence_interval":{"confidence_level":0.95,"lower_bound":5.9063908187488625,"upper_bound":5.909545369882165},"point_estimate":5.907700003978199,"standard_error":0.0008492015823016442},"median_abs_dev":{"confidence_interval":{"confidence_level":0.95,"lower_bound":0.005296382268126238,"upper_bound":0.010263247543888679},"point_estimate":0.008156170571846196,"standard_error":0.0012759604693016312},"slope":{"confidence_interval":{"confidence_level":0.95,"lower_bound":5.902754981015429,"upper_bound":5.911284644682838},"point_estimate":5.907787184840934,"standard_error":0.0022218090956069025},"std_dev":{"confidence_interval":{"confidence_level":0.95,"lower_bound":0.008300819043734307,"upper_bound":0.029870628229941677},"point_estimate":0.020674777947570736,"standard_error":0.005302028178632236}}