{"mean":{"confidence_interval":{"confidence_level":0.95,"lower_bound":89.22254625364707,"upper_bound":89.48761065836442},"point_estimate":89.34058811472467,"standard_error":0.06824955785409255},"median":{"confidence_interval":{"confidence_level":0.95,"lower_bound":89.15041804293972,"upper_bound":89.21861990390384},"point_estimate":89.18796042715519,"standard_error":0.01863002034512913},"median_abs_dev":{"confidence_interval":{"confidence_level":0.95,"lower_bound":0.09942053469757316,"upper_bound":0.1559778079875688},"point_estimate":0.1323240169438423,"standard_error":0.014132992748544874},"slope":{"confidence_interval":{"confidence_level":0.95,"lower_bound":89.21229825403502,"upper_bound":89.46671155919253},"point_estimate":89.3199103940002,"standard_error":0.06574783251916211},"std_dev":{"confidence_interval":{"confidence_level":0.95,"lower_bound":0.28987628967289714,"upper_bound":0.9816937248052617},"point_estimate":0.6879833963151673,"standard_error":0.173908317088654}}