{"mean":{"confidence_interval":{"confidence_level":0.95,"lower_bound":11.181990037771708,"upper_bound":11.191898892761394},"point_estimate":11.18584174295728,"standard_error":0.0026445138352252854},"median":{"confidence_interval":{"confidence_level":0.95,"lower_bound":11.179240088965898,"upper_bound":11.18128830406054},"point_estimate":11.179874053505642,"standard_error":0.0005856338353496082},"median_abs_dev":{"confidence_interval":{"confidence_level":0.95,"lower_bound":0.0026479414564640315,"upper_bound":0.005836849919825751},"point_estimate":0.003872655905599226,"standard_error":0.000830693318890899},"slope":{"confidence_interval":{"confidence_level":0.95,"lower_bound":11.18079986974095,"upper_bound":11.184896010706842},"point_estimate":11.182649134067606,"standard_error":0.0010504671476980832},"std_dev":{"confidence_interval":{"confidence_level":0.95,"lower_bound":0.00722212380895099,"upper_bound":0.04390032278438518},"point_estimate":0.026644226292023326,"standard_error":0.012036935768242876}}