{"mean":{"confidence_interval":{"confidence_level":0.95,"lower_bound":1.5540326608512125,"upper_bound":1.5729763342896508},"point_estimate":1.560847617561453,"standard_error":0.005360078378258346},"median":{"confidence_interval":{"confidence_level":0.95,"lower_bound":1.5532929677921372,"upper_bound":1.5540615788693446},"point_estimate":1.5537182659977447,"standard_error":0.00017298859177568323},"median_abs_dev":{"confidence_interval":{"confidence_level":0.95,"lower_bound":0.0010246176138412237,"upper_bound":0.001499158659167156},"point_estimate":0.001298626128049065,"standard_error":0.0001223870364825295},"slope":{"confidence_interval":{"confidence_level":0.95,"lower_bound":1.5541193477753072,"upper_bound":1.5776199128862303},"point_estimate":1.5616175326371513,"standard_error":0.00684119991992481},"std_dev":{"confidence_interval":{"confidence_level":0.95,"lower_bound":0.0026875177845783068,"upper_bound":0.09131150789352163},"point_estimate":0.05390320326211275,"standard_error":0.02872321853159436}}