{"mean":{"confidence_interval":{"confidence_level":0.95,"lower_bound":14.011497020829534,"upper_bound":14.162433407680593},"point_estimate":14.074288596587756,"standard_error":0.03924688727385031},"median":{"confidence_interval":{"confidence_level":0.95,"lower_bound":13.987718767253593,"upper_bound":13.997826608815378},"point_estimate":13.991416429504818,"standard_error":0.0032363435570506483},"median_abs_dev":{"confidence_interval":{"confidence_level":0.95,"lower_bound":0.016778285827097592,"upper_bound":0.030458897704188838},"point_estimate":0.023417860109523663,"standard_error":0.003483695393399684},"slope":{"confidence_interval":{"confidence_level":0.95,"lower_bound":14.002670617542858,"upper_bound":14.042921266696514},"point_estimate":14.019984592353808,"standard_error":0.010341324613544495},"std_dev":{"confidence_interval":{"confidence_level":0.95,"lower_bound":0.10350462545339915,"upper_bound":0.6262909663663143},"point_estimate":0.39494424594135197,"standard_error":0.1435617711673416}}