{"mean":{"confidence_interval":{"confidence_level":0.95,"lower_bound":44.53889015051087,"upper_bound":44.67477207999094},"point_estimate":44.596081967214204,"standard_error":0.035233745961838085},"median":{"confidence_interval":{"confidence_level":0.95,"lower_bound":44.514332383475534,"upper_bound":44.5380729461392},"point_estimate":44.52244226110584,"standard_error":0.0059465394199966146},"median_abs_dev":{"confidence_interval":{"confidence_level":0.95,"lower_bound":0.034313445287767724,"upper_bound":0.05558775574170878},"point_estimate":0.041911155939073935,"standard_error":0.0053829619394427436},"slope":{"confidence_interval":{"confidence_level":0.95,"lower_bound":44.537135907578886,"upper_bound":44.643752274188735},"point_estimate":44.58472130446857,"standard_error":0.027514758958528545},"std_dev":{"confidence_interval":{"confidence_level":0.95,"lower_bound":0.10421236622761296,"upper_bound":0.5595960812172484},"point_estimate":0.35482045919900757,"standard_error":0.12515842258638485}}