{"mean":{"confidence_interval":{"confidence_level":0.95,"lower_bound":671.7071343715343,"upper_bound":675.1216927503618},"point_estimate":672.9860809874777,"standard_error":0.9299345390428116},"median":{"confidence_interval":{"confidence_level":0.95,"lower_bound":671.4434516583894,"upper_bound":671.767720773787},"point_estimate":671.5805332778558,"standard_error":0.08215311370219541},"median_abs_dev":{"confidence_interval":{"confidence_level":0.95,"lower_bound":0.5783026226832532,"upper_bound":0.9291868074876823},"point_estimate":0.7698641979417717,"standard_error":0.08985157611773234},"slope":{"confidence_interval":{"confidence_level":0.95,"lower_bound":671.6034370166398,"upper_bound":672.2624574701732},"point_estimate":671.891264335843,"standard_error":0.16961816835428725},"std_dev":{"confidence_interval":{"confidence_level":0.95,"lower_bound":1.4165828559366318,"upper_bound":15.704211806220966},"point_estimate":9.37417759257089,"standard_error":4.594595674120648}}