{"mean":{"confidence_interval":{"confidence_level":0.95,"lower_bound":313043.2611392291,"upper_bound":313623.3786637512},"point_estimate":313275.3121578634,"standard_error":152.79930020137448},"median":{"confidence_interval":{"confidence_level":0.95,"lower_bound":312934.125,"upper_bound":313110.0286069652},"point_estimate":313030.6516319943,"standard_error":42.997853190496535},"median_abs_dev":{"confidence_interval":{"confidence_level":0.95,"lower_bound":266.5834558732643,"upper_bound":430.2495918555023},"point_estimate":347.4643859617146,"standard_error":41.08101015267779},"slope":{"confidence_interval":{"confidence_level":0.95,"lower_bound":313076.5252509088,"upper_bound":313283.50138901506},"point_estimate":313170.9027885326,"standard_error":52.81589300422155},"std_dev":{"confidence_interval":{"confidence_level":0.95,"lower_bound":476.57968440404613,"upper_bound":2493.2658507761957},"point_estimate":1535.5774439375252,"standard_error":642.421072897437}}