{"mean":{"confidence_interval":{"confidence_level":0.95,"lower_bound":11.178194915004877,"upper_bound":11.18734209387325},"point_estimate":11.181867102910102,"standard_error":0.0024005648047524695},"median":{"confidence_interval":{"confidence_level":0.95,"lower_bound":11.176596921895642,"upper_bound":11.177979888699054},"point_estimate":11.17705028172672,"standard_error":0.00039040122951466245},"median_abs_dev":{"confidence_interval":{"confidence_level":0.95,"lower_bound":0.0022859898239317973,"upper_bound":0.004510442781929417},"point_estimate":0.0031641674763172156,"standard_error":0.0005896347829929179},"slope":{"confidence_interval":{"confidence_level":0.95,"lower_bound":11.178025610696876,"upper_bound":11.180734247948902},"point_estimate":11.179266315303003,"standard_error":0.00069329631155396},"std_dev":{"confidence_interval":{"confidence_level":0.95,"lower_bound":0.005350151761274362,"upper_bound":0.03922851212834717},"point_estimate":0.0241344807183735,"standard_error":0.009865460090997856}}