{"mean":{"confidence_interval":{"confidence_level":0.95,"lower_bound":14.306034482625831,"upper_bound":14.343380667589477},"point_estimate":14.319641652338007,"standard_error":0.010587801885111214},"median":{"confidence_interval":{"confidence_level":0.95,"lower_bound":14.301190263018801,"upper_bound":14.307788687381462},"point_estimate":14.304204327292767,"standard_error":0.0018843007817205776},"median_abs_dev":{"confidence_interval":{"confidence_level":0.95,"lower_bound":0.00829321823204654,"upper_bound":0.014453069995679508},"point_estimate":0.01051714235259377,"standard_error":0.0015792855335969378},"slope":{"confidence_interval":{"confidence_level":0.95,"lower_bound":14.304658046780668,"upper_bound":14.310849335766394},"point_estimate":14.307592878123092,"standard_error":0.0015815835505814666},"std_dev":{"confidence_interval":{"confidence_level":0.95,"lower_bound":0.013140630882591977,"upper_bound":0.1805334907930778},"point_estimate":0.10655889723228268,"standard_error":0.056495141003748015}}