{"mean":{"confidence_interval":{"confidence_level":0.95,"lower_bound":11.852869333682431,"upper_bound":11.87965877809099},"point_estimate":11.864833466007422,"standard_error":0.006868700227083224},"median":{"confidence_interval":{"confidence_level":0.95,"lower_bound":11.838184564602653,"upper_bound":11.853390857663115},"point_estimate":11.845720652979082,"standard_error":0.0034391390232050576},"median_abs_dev":{"confidence_interval":{"confidence_level":0.95,"lower_bound":0.018354308329695895,"upper_bound":0.035540246528263195},"point_estimate":0.027495893488200168,"standard_error":0.00456431260323754},"slope":{"confidence_interval":{"confidence_level":0.95,"lower_bound":11.85462848260312,"upper_bound":11.877887609188592},"point_estimate":11.865561719162043,"standard_error":0.005956423623152468},"std_dev":{"confidence_interval":{"confidence_level":0.95,"lower_bound":0.03419566419260254,"upper_bound":0.09996655995578749},"point_estimate":0.06895777965449054,"standard_error":0.017361860598550542}}