{"mean":{"confidence_interval":{"confidence_level":0.95,"lower_bound":2.4896818563153986,"upper_bound":2.5243839306100404},"point_estimate":2.503004952024027,"standard_error":0.009263557849638128},"median":{"confidence_interval":{"confidence_level":0.95,"lower_bound":2.485693802387261,"upper_bound":2.4867587077892357},"point_estimate":2.4861824998603304,"standard_error":0.00025440550393899023},"median_abs_dev":{"confidence_interval":{"confidence_level":0.95,"lower_bound":0.0017380956633792995,"upper_bound":0.002910453333693605},"point_estimate":0.002191492648137135,"standard_error":0.00029375643946578884},"slope":{"confidence_interval":{"confidence_level":0.95,"lower_bound":2.4863811700712435,"upper_bound":2.490094340305075},"point_estimate":2.4878614017103127,"standard_error":0.0009678803779856924},"std_dev":{"confidence_interval":{"confidence_level":0.95,"lower_bound":0.017494717162104125,"upper_bound":0.15431948628414968},"point_estimate":0.0931341461271071,"standard_error":0.04269964446377108}}