{"mean":{"confidence_interval":{"confidence_level":0.95,"lower_bound":3212911.9282500003,"upper_bound":3223099.33121875},"point_estimate":3216774.96875,"standard_error":2795.6298635889507},"median":{"confidence_interval":{"confidence_level":0.95,"lower_bound":3211394.6875,"upper_bound":3214937.0},"point_estimate":3212854.96875,"standard_error":887.9341218176705},"median_abs_dev":{"confidence_interval":{"confidence_level":0.95,"lower_bound":4802.4656334891915,"upper_bound":7587.145134676241},"point_estimate":6154.643140733242,"standard_error":704.8974696299357},"slope":null,"std_dev":{"confidence_interval":{"confidence_level":0.95,"lower_bound":6196.966358620496,"upper_bound":47215.20991074379},"point_estimate":28192.798745591303,"standard_error":13893.701098344642}}