{"mean":{"confidence_interval":{"confidence_level":0.95,"lower_bound":45.71399879376922,"upper_bound":45.82618952525894},"point_estimate":45.76200458406191,"standard_error":0.028926333597576303},"median":{"confidence_interval":{"confidence_level":0.95,"lower_bound":45.68174216082764,"upper_bound":45.709118177460866},"point_estimate":45.69768415259884,"standard_error":0.007992553931092562},"median_abs_dev":{"confidence_interval":{"confidence_level":0.95,"lower_bound":0.039764948912679135,"upper_bound":0.0802834246351826},"point_estimate":0.06133396722673148,"standard_error":0.01055200875272522},"slope":{"confidence_interval":{"confidence_level":0.95,"lower_bound":45.706546023086474,"upper_bound":45.814880549136454},"point_estimate":45.75515937832865,"standard_error":0.027840219427917288},"std_dev":{"confidence_interval":{"confidence_level":0.95,"lower_bound":0.11884207384732492,"upper_bound":0.44406285114591626},"point_estimate":0.29003005514197694,"standard_error":0.08994766536170136}}