{"mean":{"confidence_interval":{"confidence_level":0.95,"lower_bound":18.071818034916078,"upper_bound":18.117338981668382},"point_estimate":18.091754567967797,"standard_error":0.011724800986431827},"median":{"confidence_interval":{"confidence_level":0.95,"lower_bound":18.06549795789763,"upper_bound":18.080766367108684},"point_estimate":18.075217660884462,"standard_error":0.004110777784913883},"median_abs_dev":{"confidence_interval":{"confidence_level":0.95,"lower_bound":0.03138618119901535,"upper_bound":0.04684784650344067},"point_estimate":0.04058427765691023,"standard_error":0.003948776027290049},"slope":{"confidence_interval":{"confidence_level":0.95,"lower_bound":18.070707047891993,"upper_bound":18.085746199995427},"point_estimate":18.07807766918529,"standard_error":0.0038337044277132696},"std_dev":{"confidence_interval":{"confidence_level":0.95,"lower_bound":0.03632936394425773,"upper_bound":0.1718819020940419},"point_estimate":0.11758325151466044,"standard_error":0.03283514875039199}}