{"mean":{"confidence_interval":{"confidence_level":0.95,"lower_bound":3.7306091234294936,"upper_bound":3.7470781413928704},"point_estimate":3.737256640984951,"standard_error":0.004308129843236113},"median":{"confidence_interval":{"confidence_level":0.95,"lower_bound":3.7273397792311416,"upper_bound":3.729343518019634},"point_estimate":3.7282835232078497,"standard_error":0.0005454823307560153},"median_abs_dev":{"confidence_interval":{"confidence_level":0.95,"lower_bound":0.002218521978985332,"upper_bound":0.004240736780940307},"point_estimate":0.002964509951850151,"standard_error":0.0005013790701734776},"slope":{"confidence_interval":{"confidence_level":0.95,"lower_bound":3.730237829451564,"upper_bound":3.762743149218978},"point_estimate":3.741674584788083,"standard_error":0.009088668597375454},"std_dev":{"confidence_interval":{"confidence_level":0.95,"lower_bound":0.012234522690224913,"upper_bound":0.07031794378180797},"point_estimate":0.043478339854435354,"standard_error":0.01764415621481523}}