{"mean":{"confidence_interval":{"confidence_level":0.95,"lower_bound":143.77102444705505,"upper_bound":144.49022324741225},"point_estimate":144.0413789504582,"standard_error":0.19649822842306733},"median":{"confidence_interval":{"confidence_level":0.95,"lower_bound":143.64257950246844,"upper_bound":143.80199784915976},"point_estimate":143.71675270656445,"standard_error":0.04647919434189675},"median_abs_dev":{"confidence_interval":{"confidence_level":0.95,"lower_bound":0.19236801121536257,"upper_bound":0.30513752113199283},"point_estimate":0.23559975604444192,"standard_error":0.028869532217720928},"slope":{"confidence_interval":{"confidence_level":0.95,"lower_bound":143.79325709903833,"upper_bound":144.15778344855502},"point_estimate":143.95868206345054,"standard_error":0.09366534070241961},"std_dev":{"confidence_interval":{"confidence_level":0.95,"lower_bound":0.39090429235300955,"upper_bound":3.297280654762562},"point_estimate":1.97188643519118,"standard_error":0.9640904886737508}}