{"mean":{"confidence_interval":{"confidence_level":0.95,"lower_bound":790.4801706969137,"upper_bound":795.681636521447},"point_estimate":792.5425661884184,"standard_error":1.365629443083981},"median":{"confidence_interval":{"confidence_level":0.95,"lower_bound":790.8531179138322,"upper_bound":791.6154572940287},"point_estimate":791.2132936507937,"standard_error":0.16442970336494728},"median_abs_dev":{"confidence_interval":{"confidence_level":0.95,"lower_bound":1.366661010957052,"upper_bound":4.219248564961833},"point_estimate":2.8314339616367374,"standard_error":0.780890598639501},"slope":{"confidence_interval":{"confidence_level":0.95,"lower_bound":788.6273542011664,"upper_bound":791.7662425268229},"point_estimate":789.94471035675,"standard_error":0.8099698022825169},"std_dev":{"confidence_interval":{"confidence_level":0.95,"lower_bound":2.7807331491298393,"upper_bound":22.374734376428602},"point_estimate":13.713588699760043,"standard_error":5.703423584935807}}