{"mean":{"confidence_interval":{"confidence_level":0.95,"lower_bound":31.933083791451132,"upper_bound":32.2373091657487},"point_estimate":32.06529308082992,"standard_error":0.07837901977496456},"median":{"confidence_interval":{"confidence_level":0.95,"lower_bound":31.847700934446262,"upper_bound":31.87976241500804},"point_estimate":31.866363484378653,"standard_error":0.009236188013415225},"median_abs_dev":{"confidence_interval":{"confidence_level":0.95,"lower_bound":0.04147207365293062,"upper_bound":0.07174103958495136},"point_estimate":0.05552484769217542,"standard_error":0.007550194083656592},"slope":{"confidence_interval":{"confidence_level":0.95,"lower_bound":31.954630021541348,"upper_bound":32.614286379264676},"point_estimate":32.227390606253564,"standard_error":0.17206764465134317},"std_dev":{"confidence_interval":{"confidence_level":0.95,"lower_bound":0.31759385956429464,"upper_bound":1.1973351060999842},"point_estimate":0.7887998151590087,"standard_error":0.23744018006397566}}