{"mean":{"confidence_interval":{"confidence_level":0.95,"lower_bound":25.49128389543786,"upper_bound":25.657323465275446},"point_estimate":25.55167302852869,"standard_error":0.04667478640148192},"median":{"confidence_interval":{"confidence_level":0.95,"lower_bound":25.47240117507602,"upper_bound":25.490113448530128},"point_estimate":25.482134796047212,"standard_error":0.004966120490403878},"median_abs_dev":{"confidence_interval":{"confidence_level":0.95,"lower_bound":0.020787656508913305,"upper_bound":0.04182696875774284},"point_estimate":0.030896290716460537,"standard_error":0.005940560915043429},"slope":{"confidence_interval":{"confidence_level":0.95,"lower_bound":25.49359587891066,"upper_bound":25.548303064968756},"point_estimate":25.51628242509882,"standard_error":0.014370158757850226},"std_dev":{"confidence_interval":{"confidence_level":0.95,"lower_bound":0.03706277405575394,"upper_bound":0.7945811742658792},"point_estimate":0.4696922684262795,"standard_error":0.2464062634589838}}