{"mean":{"confidence_interval":{"confidence_level":0.95,"lower_bound":5.901835481355788,"upper_bound":5.906829276193877},"point_estimate":5.9039043313550135,"standard_error":0.001304304182451758},"median":{"confidence_interval":{"confidence_level":0.95,"lower_bound":5.900505313368112,"upper_bound":5.901662842305906},"point_estimate":5.9010613254635444,"standard_error":0.0002886094018734827},"median_abs_dev":{"confidence_interval":{"confidence_level":0.95,"lower_bound":0.001732553846017552,"upper_bound":0.0030081109332164573},"point_estimate":0.0024402256853401326,"standard_error":0.00033759945675980956},"slope":{"confidence_interval":{"confidence_level":0.95,"lower_bound":5.901272647515893,"upper_bound":5.903897002983918},"point_estimate":5.902367754695895,"standard_error":0.0006767836520638434},"std_dev":{"confidence_interval":{"confidence_level":0.95,"lower_bound":0.004095328656450702,"upper_bound":0.02072759418978237},"point_estimate":0.013048997726176854,"standard_error":0.0047838174131075335}}