{"mean":{"confidence_interval":{"confidence_level":0.95,"lower_bound":5.902978362099942,"upper_bound":5.907695343633339},"point_estimate":5.904901975233284,"standard_error":0.0012271501131176825},"median":{"confidence_interval":{"confidence_level":0.95,"lower_bound":5.90181878326594,"upper_bound":5.902847210267238},"point_estimate":5.902260140941163,"standard_error":0.00027205947103923567},"median_abs_dev":{"confidence_interval":{"confidence_level":0.95,"lower_bound":0.0015276303670746646,"upper_bound":0.0028608004825130444},"point_estimate":0.002049298359378796,"standard_error":0.00033631774550356734},"slope":{"confidence_interval":{"confidence_level":0.95,"lower_bound":5.90204145516309,"upper_bound":5.902863609133572},"point_estimate":5.902433952462546,"standard_error":0.00020897491601994914},"std_dev":{"confidence_interval":{"confidence_level":0.95,"lower_bound":0.004050512437052804,"upper_bound":0.01973161697930602},"point_estimate":0.012325002483515635,"standard_error":0.0047443622063549065}}