{"mean":{"confidence_interval":{"confidence_level":0.95,"lower_bound":105.28872961497221,"upper_bound":105.65115781998605},"point_estimate":105.42712089046958,"standard_error":0.09756568244301131},"median":{"confidence_interval":{"confidence_level":0.95,"lower_bound":105.23508147294584,"upper_bound":105.28943261011493},"point_estimate":105.27014335184062,"standard_error":0.014772798030668189},"median_abs_dev":{"confidence_interval":{"confidence_level":0.95,"lower_bound":0.07296662793129537,"upper_bound":0.13211591260921982},"point_estimate":0.10392658971620553,"standard_error":0.01527975450392866},"slope":{"confidence_interval":{"confidence_level":0.95,"lower_bound":105.2659558393993,"upper_bound":105.38732887969502},"point_estimate":105.31642730377895,"standard_error":0.03147845939856092},"std_dev":{"confidence_interval":{"confidence_level":0.95,"lower_bound":0.19781495366596033,"upper_bound":1.6338800906156423},"point_estimate":0.9823876641857068,"standard_error":0.46356274274971215}}