{"mean":{"confidence_interval":{"confidence_level":0.95,"lower_bound":3.7399868218423116,"upper_bound":3.7922534398975007},"point_estimate":3.762872155757448,"standard_error":0.013534491641919458},"median":{"confidence_interval":{"confidence_level":0.95,"lower_bound":3.727916724532886,"upper_bound":3.7313122113886177},"point_estimate":3.7293855429920146,"standard_error":0.0008230443646687121},"median_abs_dev":{"confidence_interval":{"confidence_level":0.95,"lower_bound":0.003249283698993228,"upper_bound":0.006842988131853861},"point_estimate":0.004686834676807901,"standard_error":0.0009267229702756348},"slope":{"confidence_interval":{"confidence_level":0.95,"lower_bound":3.735255657373565,"upper_bound":3.801373729884222},"point_estimate":3.7593561005602507,"standard_error":0.017993846056594487},"std_dev":{"confidence_interval":{"confidence_level":0.95,"lower_bound":0.03635895389300422,"upper_bound":0.198321457107775},"point_estimate":0.1359010354423981,"standard_error":0.038873580834454795}}