{"mean":{"confidence_interval":{"confidence_level":0.95,"lower_bound":41.32749783144706,"upper_bound":41.65965162462418},"point_estimate":41.46034983342906,"standard_error":0.0869764055376568},"median":{"confidence_interval":{"confidence_level":0.95,"lower_bound":41.20490145951474,"upper_bound":41.35317860573624},"point_estimate":41.255038592664675,"standard_error":0.04129117020276429},"median_abs_dev":{"confidence_interval":{"confidence_level":0.95,"lower_bound":0.15096731364371996,"upper_bound":0.3006862530559577},"point_estimate":0.21505746971301415,"standard_error":0.03842604772151135},"slope":{"confidence_interval":{"confidence_level":0.95,"lower_bound":41.165210147321524,"upper_bound":41.21583778629492},"point_estimate":41.18861024683698,"standard_error":0.01287558748825571},"std_dev":{"confidence_interval":{"confidence_level":0.95,"lower_bound":0.2739872872190646,"upper_bound":1.4183420318875917},"point_estimate":0.8723448763310854,"standard_error":0.36389905133071204}}