{"mean":{"confidence_interval":{"confidence_level":0.95,"lower_bound":0.6213559176050565,"upper_bound":0.6220724436837477},"point_estimate":0.621653227120111,"standard_error":0.00018640952297873322},"median":{"confidence_interval":{"confidence_level":0.95,"lower_bound":0.6212352910147584,"upper_bound":0.6214048102803789},"point_estimate":0.621314879967479,"standard_error":0.00004312525200027683},"median_abs_dev":{"confidence_interval":{"confidence_level":0.95,"lower_bound":0.0002536129064276593,"upper_bound":0.00043800275546559736},"point_estimate":0.0003372937640997314,"standard_error":0.000046324832004329885},"slope":{"confidence_interval":{"confidence_level":0.95,"lower_bound":0.6213704971263428,"upper_bound":0.6218137128764515},"point_estimate":0.6215577742518278,"standard_error":0.00011468815563586992},"std_dev":{"confidence_interval":{"confidence_level":0.95,"lower_bound":0.0004191031614274609,"upper_bound":0.0029842033055212784},"point_estimate":0.001876229815071491,"standard_error":0.0006967161715219481}}