{"mean":{"confidence_interval":{"confidence_level":0.95,"lower_bound":0.6215735974628418,"upper_bound":0.6232811670924119},"point_estimate":0.6222305329014479,"standard_error":0.00045834168286445305},"median":{"confidence_interval":{"confidence_level":0.95,"lower_bound":0.62127829601844,"upper_bound":0.6214608249236765},"point_estimate":0.6213657294871224,"standard_error":0.00005190515758659381},"median_abs_dev":{"confidence_interval":{"confidence_level":0.95,"lower_bound":0.00035557688053951795,"upper_bound":0.0006267458377566042},"point_estimate":0.0004764640623672582,"standard_error":0.00006974932784277692},"slope":{"confidence_interval":{"confidence_level":0.95,"lower_bound":0.6214976205081633,"upper_bound":0.6222985770716655},"point_estimate":0.621857068848338,"standard_error":0.00020580589803649628},"std_dev":{"confidence_interval":{"confidence_level":0.95,"lower_bound":0.0011011023258271407,"upper_bound":0.007668280115791614},"point_estimate":0.004627161087344786,"standard_error":0.002152075077230865}}