{"mean":{"confidence_interval":{"confidence_level":0.95,"lower_bound":171.19889075163732,"upper_bound":171.63909681052746},"point_estimate":171.39461563772147,"standard_error":0.11303117278990794},"median":{"confidence_interval":{"confidence_level":0.95,"lower_bound":171.07334153982583,"upper_bound":171.17621554344942},"point_estimate":171.1048867365725,"standard_error":0.02845262901756987},"median_abs_dev":{"confidence_interval":{"confidence_level":0.95,"lower_bound":0.16800639317748683,"upper_bound":0.26638640802639546},"point_estimate":0.21559528235581182,"standard_error":0.026340201070212246},"slope":{"confidence_interval":{"confidence_level":0.95,"lower_bound":171.1503302695732,"upper_bound":171.5341074127504},"point_estimate":171.31779867059035,"standard_error":0.09918742959755357},"std_dev":{"confidence_interval":{"confidence_level":0.95,"lower_bound":0.49192308847317,"upper_bound":1.6306113293975548},"point_estimate":1.1349730349273217,"standard_error":0.2885764772354394}}