{"mean":{"confidence_interval":{"confidence_level":0.95,"lower_bound":32.93237815994461,"upper_bound":32.99273124417172},"point_estimate":32.9564114115063,"standard_error":0.015938484557857686},"median":{"confidence_interval":{"confidence_level":0.95,"lower_bound":32.92165925429173,"upper_bound":32.93120834257381},"point_estimate":32.92619404295449,"standard_error":0.0024438444476243813},"median_abs_dev":{"confidence_interval":{"confidence_level":0.95,"lower_bound":0.017661416200081083,"upper_bound":0.02880630270748507},"point_estimate":0.022616054154839436,"standard_error":0.0029588142868273207},"slope":{"confidence_interval":{"confidence_level":0.95,"lower_bound":32.9313110293903,"upper_bound":32.95361316252333},"point_estimate":32.941340131858055,"standard_error":0.005714509459756885},"std_dev":{"confidence_interval":{"confidence_level":0.95,"lower_bound":0.03916835349526976,"upper_bound":0.2619008929943033},"point_estimate":0.16048796937821394,"standard_error":0.06790469061907108}}