{"mean":{"confidence_interval":{"confidence_level":0.95,"lower_bound":124.89198896000786,"upper_bound":125.5944009799741},"point_estimate":125.18987966008994,"standard_error":0.1819653063789158},"median":{"confidence_interval":{"confidence_level":0.95,"lower_bound":124.76205950712131,"upper_bound":125.03468313197214},"point_estimate":124.84837776466208,"standard_error":0.0896183797966036},"median_abs_dev":{"confidence_interval":{"confidence_level":0.95,"lower_bound":0.3904559775684832,"upper_bound":0.6267419571706399},"point_estimate":0.4943454165743575,"standard_error":0.058808854035301526},"slope":{"confidence_interval":{"confidence_level":0.95,"lower_bound":124.74825962527795,"upper_bound":125.13955244330334},"point_estimate":124.92753398400083,"standard_error":0.09968234796519973},"std_dev":{"confidence_interval":{"confidence_level":0.95,"lower_bound":0.6897602724175983,"upper_bound":2.8740083347896705},"point_estimate":1.836561831072385,"standard_error":0.6341561072339074}}