{"mean":{"confidence_interval":{"confidence_level":0.95,"lower_bound":29.52767564929226,"upper_bound":29.58663564911504},"point_estimate":29.550356305870373,"standard_error":0.015758841257293866},"median":{"confidence_interval":{"confidence_level":0.95,"lower_bound":29.515086675861014,"upper_bound":29.53032690870292},"point_estimate":29.521007367506023,"standard_error":0.004326109335512332},"median_abs_dev":{"confidence_interval":{"confidence_level":0.95,"lower_bound":0.02107085558235389,"upper_bound":0.034822767526519936},"point_estimate":0.027159464713087108,"standard_error":0.00337776090290395},"slope":{"confidence_interval":{"confidence_level":0.95,"lower_bound":29.529638397669913,"upper_bound":29.544744283363194},"point_estimate":29.536758809474925,"standard_error":0.0038638881271774155},"std_dev":{"confidence_interval":{"confidence_level":0.95,"lower_bound":0.03597600651120392,"upper_bound":0.26296543928308724},"point_estimate":0.15870106476037943,"standard_error":0.07308762312647533}}