{"mean":{"confidence_interval":{"confidence_level":0.95,"lower_bound":33.32505333882616,"upper_bound":33.608406369020194},"point_estimate":33.44492299194579,"standard_error":0.07350445900771131},"median":{"confidence_interval":{"confidence_level":0.95,"lower_bound":33.260923567288174,"upper_bound":33.28535781544256},"point_estimate":33.275163055826226,"standard_error":0.007187865784425619},"median_abs_dev":{"confidence_interval":{"confidence_level":0.95,"lower_bound":0.05110560351598242,"upper_bound":0.11380628274281927},"point_estimate":0.07806121291508406,"standard_error":0.015263304038087414},"slope":{"confidence_interval":{"confidence_level":0.95,"lower_bound":33.29186186528012,"upper_bound":33.38814173250807},"point_estimate":33.33421947560482,"standard_error":0.024523611707502196},"std_dev":{"confidence_interval":{"confidence_level":0.95,"lower_bound":0.22235230018710314,"upper_bound":1.157572498439702},"point_estimate":0.7392116684676545,"standard_error":0.2537983787685551}}