{"mean":{"confidence_interval":{"confidence_level":0.95,"lower_bound":22.07227723976235,"upper_bound":22.259434185087184},"point_estimate":22.152583973375645,"standard_error":0.04826993594416534},"median":{"confidence_interval":{"confidence_level":0.95,"lower_bound":22.03224329997046,"upper_bound":22.061909956985126},"point_estimate":22.04302507404247,"standard_error":0.008043159890429105},"median_abs_dev":{"confidence_interval":{"confidence_level":0.95,"lower_bound":0.03525880629470184,"upper_bound":0.07299298763102224},"point_estimate":0.04329717705558691,"standard_error":0.010111932603233384},"slope":{"confidence_interval":{"confidence_level":0.95,"lower_bound":22.047540530008074,"upper_bound":22.296433070821422},"point_estimate":22.134709860639337,"standard_error":0.07016429563111226},"std_dev":{"confidence_interval":{"confidence_level":0.95,"lower_bound":0.12197582563096142,"upper_bound":0.7385342831633164},"point_estimate":0.48696615142949123,"standard_error":0.15713727590091708}}