{"mean":{"confidence_interval":{"confidence_level":0.95,"lower_bound":75.47356534665211,"upper_bound":75.76776457873856},"point_estimate":75.62250973864647,"standard_error":0.07474681458845045},"median":{"confidence_interval":{"confidence_level":0.95,"lower_bound":75.70345818271733,"upper_bound":75.8109094487328},"point_estimate":75.7391916046908,"standard_error":0.032170998236971865},"median_abs_dev":{"confidence_interval":{"confidence_level":0.95,"lower_bound":0.191362159145847,"upper_bound":0.33397761275852833},"point_estimate":0.25940107448745525,"standard_error":0.03514224893468054},"slope":{"confidence_interval":{"confidence_level":0.95,"lower_bound":75.52166675305062,"upper_bound":75.76982864251457},"point_estimate":75.65495668024187,"standard_error":0.06330928753394592},"std_dev":{"confidence_interval":{"confidence_level":0.95,"lower_bound":0.5515155650252649,"upper_bound":0.9360231055849212},"point_estimate":0.7539800941387387,"standard_error":0.09789960696026562}}