{"mean":{"confidence_interval":{"confidence_level":0.95,"lower_bound":5.590714985679298,"upper_bound":5.595245801485407},"point_estimate":5.592539008276284,"standard_error":0.0011889606142078863},"median":{"confidence_interval":{"confidence_level":0.95,"lower_bound":5.589443525787193,"upper_bound":5.590653887040028},"point_estimate":5.590007692949892,"standard_error":0.0002693679601324954},"median_abs_dev":{"confidence_interval":{"confidence_level":0.95,"lower_bound":0.001447090892313521,"upper_bound":0.002503754141276997},"point_estimate":0.0019546106261202835,"standard_error":0.00025592318165329556},"slope":{"confidence_interval":{"confidence_level":0.95,"lower_bound":5.590139689401936,"upper_bound":5.592150986853174},"point_estimate":5.591038473998931,"standard_error":0.0005177892719943765},"std_dev":{"confidence_interval":{"confidence_level":0.95,"lower_bound":0.0037304879141160413,"upper_bound":0.019270491035398997},"point_estimate":0.011917220836795094,"standard_error":0.00485993048082559}}