{"mean":{"confidence_interval":{"confidence_level":0.95,"lower_bound":19.02984760728318,"upper_bound":19.058172001151092},"point_estimate":19.04058685599035,"standard_error":0.007706648782701062},"median":{"confidence_interval":{"confidence_level":0.95,"lower_bound":19.026203022425257,"upper_bound":19.032291896726594},"point_estimate":19.028070806503422,"standard_error":0.0017873835790421298},"median_abs_dev":{"confidence_interval":{"confidence_level":0.95,"lower_bound":0.009279858039251078,"upper_bound":0.01780701780576951},"point_estimate":0.012540980024472348,"standard_error":0.002299458914716833},"slope":{"confidence_interval":{"confidence_level":0.95,"lower_bound":19.028018948075122,"upper_bound":19.03478934736151},"point_estimate":19.031301953209713,"standard_error":0.0017310551304587436},"std_dev":{"confidence_interval":{"confidence_level":0.95,"lower_bound":0.01802368417841235,"upper_bound":0.12927713058757612},"point_estimate":0.07738705631408542,"standard_error":0.03755240137354299}}