{"mean":{"confidence_interval":{"confidence_level":0.95,"lower_bound":3335055.6002833317,"upper_bound":3348932.459483335},"point_estimate":3340984.3700000006,"standard_error":3587.4439259863248},"median":{"confidence_interval":{"confidence_level":0.95,"lower_bound":3334550.533333333,"upper_bound":3342407.6},"point_estimate":3338288.466666667,"standard_error":2203.485051809273},"median_abs_dev":{"confidence_interval":{"confidence_level":0.95,"lower_bound":10443.236534595519,"upper_bound":17642.39606678481},"point_estimate":12676.18035495265,"standard_error":1820.0855648801632},"slope":null,"std_dev":{"confidence_interval":{"confidence_level":0.95,"lower_bound":14220.198200087398,"upper_bound":56745.87977385896},"point_estimate":36194.14587494162,"standard_error":12325.568679364274}}