{"mean":{"confidence_interval":{"confidence_level":0.95,"lower_bound":34024481.416125,"upper_bound":34076728.249375},"point_estimate":34049003.6,"standard_error":13311.404796992001},"median":{"confidence_interval":{"confidence_level":0.95,"lower_bound":34013771.0,"upper_bound":34044833.25},"point_estimate":34028488.25,"standard_error":7506.880934866639},"median_abs_dev":{"confidence_interval":{"confidence_level":0.95,"lower_bound":50688.239850103855,"upper_bound":114494.52426731586},"point_estimate":87080.1388040185,"standard_error":18085.553384311603},"slope":null,"std_dev":{"confidence_interval":{"confidence_level":0.95,"lower_bound":88842.82295147321,"upper_bound":178734.1081321648},"point_estimate":134075.5184347066,"standard_error":23553.648042752793}}