{"mean":{"confidence_interval":{"confidence_level":0.95,"lower_bound":263.4851570331868,"upper_bound":265.0653930145638},"point_estimate":264.13144165359716,"standard_error":0.41408514140130337},"median":{"confidence_interval":{"confidence_level":0.95,"lower_bound":263.2663811563169,"upper_bound":263.48743378789584},"point_estimate":263.33482162485416,"standard_error":0.05539550332597603},"median_abs_dev":{"confidence_interval":{"confidence_level":0.95,"lower_bound":0.31867389888901265,"upper_bound":0.5381714514562318},"point_estimate":0.43571623348737515,"standard_error":0.055526651177122736},"slope":{"confidence_interval":{"confidence_level":0.95,"lower_bound":263.430882138069,"upper_bound":263.97992827279455},"point_estimate":263.67227637571676,"standard_error":0.14140884935920417},"std_dev":{"confidence_interval":{"confidence_level":0.95,"lower_bound":0.6170559050951343,"upper_bound":6.607008895798829},"point_estimate":4.1501887205736026,"standard_error":1.6153768953777374}}