{"mean":{"confidence_interval":{"confidence_level":0.95,"lower_bound":39485.6653954551,"upper_bound":39566.29577398182},"point_estimate":39525.57160572918,"standard_error":20.53366361273836},"median":{"confidence_interval":{"confidence_level":0.95,"lower_bound":39454.794642857145,"upper_bound":39557.2857748184},"point_estimate":39494.58552895211,"standard_error":27.43761190923409},"median_abs_dev":{"confidence_interval":{"confidence_level":0.95,"lower_bound":158.98661792376228,"upper_bound":256.83325682843645},"point_estimate":194.04502355080868,"standard_error":25.871814598250882},"slope":{"confidence_interval":{"confidence_level":0.95,"lower_bound":39485.07722066921,"upper_bound":39600.69546045443},"point_estimate":39543.770735924336,"standard_error":29.656705217912247},"std_dev":{"confidence_interval":{"confidence_level":0.95,"lower_bound":177.5612201682822,"upper_bound":231.5605798254367},"point_estimate":206.2390688625288,"standard_error":13.746796713283745}}