{"mean":{"confidence_interval":{"confidence_level":0.95,"lower_bound":33.11321696491076,"upper_bound":33.223742958970945},"point_estimate":33.162635176630985,"standard_error":0.028409737940308787},"median":{"confidence_interval":{"confidence_level":0.95,"lower_bound":33.07944744655262,"upper_bound":33.10453705354211},"point_estimate":33.09297927209046,"standard_error":0.005827216006314809},"median_abs_dev":{"confidence_interval":{"confidence_level":0.95,"lower_bound":0.04128979053727034,"upper_bound":0.0663708210393684},"point_estimate":0.05199602964262222,"standard_error":0.006324333846415853},"slope":{"confidence_interval":{"confidence_level":0.95,"lower_bound":33.098901873282536,"upper_bound":33.169057508203004},"point_estimate":33.129971039713865,"standard_error":0.017986553025771915},"std_dev":{"confidence_interval":{"confidence_level":0.95,"lower_bound":0.12554740569196715,"upper_bound":0.40972984839753385},"point_estimate":0.2849213366081387,"standard_error":0.07285425190566454}}