{"mean":{"confidence_interval":{"confidence_level":0.95,"lower_bound":3336.6116987415403,"upper_bound":3380.330451806705},"point_estimate":3358.698954716635,"standard_error":11.162896630479104},"median":{"confidence_interval":{"confidence_level":0.95,"lower_bound":3356.4249078850407,"upper_bound":3402.9299435028247},"point_estimate":3375.6622881355934,"standard_error":11.785836954672678},"median_abs_dev":{"confidence_interval":{"confidence_level":0.95,"lower_bound":59.327662642465675,"upper_bound":110.38497464846482},"point_estimate":77.89978227651284,"standard_error":12.902679965839992},"slope":{"confidence_interval":{"confidence_level":0.95,"lower_bound":3359.186523728669,"upper_bound":3415.1181216488285},"point_estimate":3388.210760595412,"standard_error":14.26066952238753},"std_dev":{"confidence_interval":{"confidence_level":0.95,"lower_bound":96.66602270487495,"upper_bound":126.80900472231355},"point_estimate":112.74778968132887,"standard_error":7.674056229473891}}