{"mean":{"confidence_interval":{"confidence_level":0.95,"lower_bound":0.6221720171987981,"upper_bound":0.623603943867318},"point_estimate":0.6227526831158181,"standard_error":0.0003735495861198767},"median":{"confidence_interval":{"confidence_level":0.95,"lower_bound":0.6223210118459754,"upper_bound":0.6226816300616802},"point_estimate":0.6225242807718572,"standard_error":0.00009631000808676169},"median_abs_dev":{"confidence_interval":{"confidence_level":0.95,"lower_bound":0.0007177527627762004,"upper_bound":0.0012503798131683471},"point_estimate":0.000986508738056678,"standard_error":0.0001340490207840735},"slope":{"confidence_interval":{"confidence_level":0.95,"lower_bound":0.6220892779201486,"upper_bound":0.6229905964941429},"point_estimate":0.6225859528895596,"standard_error":0.00023035788886484516},"std_dev":{"confidence_interval":{"confidence_level":0.95,"lower_bound":0.0011483738693718847,"upper_bound":0.006155957312970313},"point_estimate":0.00376163366771526,"standard_error":0.0015697379105079935}}