{"mean":{"confidence_interval":{"confidence_level":0.95,"lower_bound":1098.806573500182,"upper_bound":1110.5488978565254},"point_estimate":1103.4692975191438,"standard_error":3.109841921340197},"median":{"confidence_interval":{"confidence_level":0.95,"lower_bound":1098.2347092335806,"upper_bound":1099.4227746547062},"point_estimate":1098.9961739289051,"standard_error":0.35184469847521976},"median_abs_dev":{"confidence_interval":{"confidence_level":0.95,"lower_bound":1.6295726809677076,"upper_bound":2.69522373472379},"point_estimate":2.240608723474833,"standard_error":0.28015836361624585},"slope":{"confidence_interval":{"confidence_level":0.95,"lower_bound":1098.938355565772,"upper_bound":1113.8135970402443},"point_estimate":1104.549305342852,"standard_error":3.9680208653489255},"std_dev":{"confidence_interval":{"confidence_level":0.95,"lower_bound":4.286060759038061,"upper_bound":51.23520914166968},"point_estimate":31.29819197783855,"standard_error":13.443307482400028}}