{"mean":{"confidence_interval":{"confidence_level":0.95,"lower_bound":46.969904295749735,"upper_bound":47.062830620408675},"point_estimate":47.00905087341571,"standard_error":0.024176725040653272},"median":{"confidence_interval":{"confidence_level":0.95,"lower_bound":46.95281060642017,"upper_bound":46.98673954077628},"point_estimate":46.96808724706125,"standard_error":0.009201871374711146},"median_abs_dev":{"confidence_interval":{"confidence_level":0.95,"lower_bound":0.05237019364320453,"upper_bound":0.08810461479972594},"point_estimate":0.06814949389451223,"standard_error":0.008995259174549798},"slope":{"confidence_interval":{"confidence_level":0.95,"lower_bound":46.95537144190349,"upper_bound":46.99783040473613},"point_estimate":46.97570970211713,"standard_error":0.010826298936224856},"std_dev":{"confidence_interval":{"confidence_level":0.95,"lower_bound":0.07901319096719696,"upper_bound":0.38291708961690596},"point_estimate":0.2431312972258306,"standard_error":0.08553005063372986}}