{"mean":{"confidence_interval":{"confidence_level":0.95,"lower_bound":54.549260690283674,"upper_bound":54.68919262913121},"point_estimate":54.607052046491155,"standard_error":0.03625228454442024},"median":{"confidence_interval":{"confidence_level":0.95,"lower_bound":54.5334732552216,"upper_bound":54.59259707865201},"point_estimate":54.552422898421085,"standard_error":0.016211588394973404},"median_abs_dev":{"confidence_interval":{"confidence_level":0.95,"lower_bound":0.07527362451123314,"upper_bound":0.1285756153000062},"point_estimate":0.09177714046426827,"standard_error":0.013519020942544322},"slope":{"confidence_interval":{"confidence_level":0.95,"lower_bound":54.55560515195338,"upper_bound":54.624316246034574},"point_estimate":54.587455302700974,"standard_error":0.017524537508700058},"std_dev":{"confidence_interval":{"confidence_level":0.95,"lower_bound":0.12105756950308363,"upper_bound":0.581775418066763},"point_estimate":0.3637448626508013,"standard_error":0.1356189545295188}}